timestamp_utc,session_id,sequence,event,category,elapsed_s,sample_index,id11_raw,id12_raw,id13_raw,id14_raw,id15_raw,id11_deg,id12_deg,id13_deg,id14_deg,id15_deg,q1_deg,q2_deg,q3_deg,q4_deg,physical_x_mm,physical_y_mm,physical_z_mm,internal_x_mm,internal_y_mm,internal_z_mm,target_x_mm,target_y_mm,target_z_mm,position_error_mm,values_json
2026-09-09T15:33:13.430Z,20260909T153149.834Z-379dfceb,6,telemetry_sample,telemetry,83.5874487000001,1,1919,2047,-47,0,,168.662,179.912,355.869,0.0,,0.17567187500000614,0.08778125000000614,-0.00014062499997180566,0.0,325.89420622198946,-0.9992119165416246,204.01995006003574,325.89420622198946,0.9992119165416246,204.01995006003574,,,,,"{""elapsed_s"":83.5874487000001,""sample_index"":1,""id11_raw"":1919,""id12_raw"":2047,""id13_raw"":-47,""id14_raw"":0,""id11_deg"":168.662,""id12_deg"":179.912,""id13_deg"":355.869,""id14_deg"":0.0,""q1_deg"":0.17567187500000614,""q2_deg"":0.08778125000000614,""q3_deg"":-0.00014062499997180566,""q4_deg"":0.0,""physical_x_mm"":325.89420622198946,""physical_y_mm"":-0.9992119165416246,""physical_z_mm"":204.01995006003574,""internal_x_mm"":325.89420622198946,""internal_y_mm"":0.9992119165416246,""internal_z_mm"":204.01995006003574,""position_error_mm"":null,""robot_timestamp_utc"":""2026-09-09T15:33:13.418+00:00"",""extra"":null}"
2026-09-09T15:33:13.674Z,20260909T153149.834Z-379dfceb,7,telemetry_sample,telemetry,83.8321947000004,2,1918,2047,-47,0,,168.574,179.912,355.869,0.0,,0.08767187500001228,0.08778125000000614,-0.00014062499997180566,0.0,325.8953565155359,-0.4986733665501258,204.01995006003574,325.8953565155359,0.4986733665501258,204.01995006003574,,,,,"{""elapsed_s"":83.8321947000004,""sample_index"":2,""id11_raw"":1918,""id12_raw"":2047,""id13_raw"":-47,""id14_raw"":0,""id11_deg"":168.574,""id12_deg"":179.912,""id13_deg"":355.869,""id14_deg"":0.0,""q1_deg"":0.08767187500001228,""q2_deg"":0.08778125000000614,""q3_deg"":-0.00014062499997180566,""q4_deg"":0.0,""physical_x_mm"":325.8953565155359,""physical_y_mm"":-0.4986733665501258,""physical_z_mm"":204.01995006003574,""internal_x_mm"":325.8953565155359,""internal_y_mm"":0.4986733665501258,""internal_z_mm"":204.01995006003574,""position_error_mm"":null,""robot_timestamp_utc"":""2026-09-09T15:33:13.672+00:00"",""extra"":null}"
2026-09-09T15:33:13.940Z,20260909T153149.834Z-379dfceb,8,telemetry_sample,telemetry,84.09781020000082,3,1919,2047,-47,0,,168.662,179.912,355.869,0.0,,0.17567187500000614,0.08778125000000614,-0.00014062499997180566,0.0,325.89420622198946,-0.9992119165416246,204.01995006003574,325.89420622198946,0.9992119165416246,204.01995006003574,,,,,"{""elapsed_s"":84.09781020000082,""sample_index"":3,""id11_raw"":1919,""id12_raw"":2047,""id13_raw"":-47,""id14_raw"":0,""id11_deg"":168.662,""id12_deg"":179.912,""id13_deg"":355.869,""id14_deg"":0.0,""q1_deg"":0.17567187500000614,""q2_deg"":0.08778125000000614,""q3_deg"":-0.00014062499997180566,""q4_deg"":0.0,""physical_x_mm"":325.89420622198946,""physical_y_mm"":-0.9992119165416246,""physical_z_mm"":204.01995006003574,""internal_x_mm"":325.89420622198946,""internal_y_mm"":0.9992119165416246,""internal_z_mm"":204.01995006003574,""position_error_mm"":null,""robot_timestamp_utc"":""2026-09-09T15:33:13.936+00:00"",""extra"":null}"
2026-09-09T15:33:14.190Z,20260909T153149.834Z-379dfceb,9,telemetry_sample,telemetry,84.34831190000114,4,1920,2046,-47,0,,168.75,179.824,355.869,0.0,,0.263671875,-0.00021874999998772182,-0.00014062499997180566,0.0,325.6960624964948,-1.4988450884777131,204.50190870749933,325.6960624964948,1.4988450884777131,204.50190870749933,,,,,"{""elapsed_s"":84.34831190000114,""sample_index"":4,""id11_raw"":1920,""id12_raw"":2046,""id13_raw"":-47,""id14_raw"":0,""id11_deg"":168.75,""id12_deg"":179.824,""id13_deg"":355.869,""id14_deg"":0.0,""q1_deg"":0.263671875,""q2_deg"":-0.00021874999998772182,""q3_deg"":-0.00014062499997180566,""q4_deg"":0.0,""physical_x_mm"":325.6960624964948,""physical_y_mm"":-1.4988450884777131,""physical_z_mm"":204.50190870749933,""internal_x_mm"":325.6960624964948,""internal_y_mm"":1.4988450884777131,""internal_z_mm"":204.50190870749933,""position_error_mm"":null,""robot_timestamp_utc"":""2026-09-09T15:33:14.188+00:00"",""extra"":null}"
2026-09-09T15:33:14.440Z,20260909T153149.834Z-379dfceb,10,telemetry_sample,telemetry,84.5979511000005,5,1918,2046,-47,0,,168.574,179.824,355.869,0.0,,0.08767187500001228,-0.00021874999998772182,-0.00014062499997180566,0.0,325.69913000584654,-0.49837310779455646,204.50190870749933,325.69913000584654,0.49837310779455646,204.50190870749933,,,,,"{""elapsed_s"":84.5979511000005,""sample_index"":5,""id11_raw"":1918,""id12_raw"":2046,""id13_raw"":-47,""id14_raw"":0,""id11_deg"":168.574,""id12_deg"":179.824,""id13_deg"":355.869,""id14_deg"":0.0,""q1_deg"":0.08767187500001228,""q2_deg"":-0.00021874999998772182,""q3_deg"":-0.00014062499997180566,""q4_deg"":0.0,""physical_x_mm"":325.69913000584654,""physical_y_mm"":-0.49837310779455646,""physical_z_mm"":204.50190870749933,""internal_x_mm"":325.69913000584654,""internal_y_mm"":0.49837310779455646,""internal_z_mm"":204.50190870749933,""position_error_mm"":null,""robot_timestamp_utc"":""2026-09-09T15:33:14.438+00:00"",""extra"":null}"
2026-09-09T15:33:14.706Z,20260909T153149.834Z-379dfceb,11,telemetry_sample,telemetry,84.86372870000196,6,1918,2046,-47,0,,168.574,179.824,355.869,0.0,,0.08767187500001228,-0.00021874999998772182,-0.00014062499997180566,0.0,325.69913000584654,-0.49837310779455646,204.50190870749933,325.69913000584654,0.49837310779455646,204.50190870749933,,,,,"{""elapsed_s"":84.86372870000196,""sample_index"":6,""id11_raw"":1918,""id12_raw"":2046,""id13_raw"":-47,""id14_raw"":0,""id11_deg"":168.574,""id12_deg"":179.824,""id13_deg"":355.869,""id14_deg"":0.0,""q1_deg"":0.08767187500001228,""q2_deg"":-0.00021874999998772182,""q3_deg"":-0.00014062499997180566,""q4_deg"":0.0,""physical_x_mm"":325.69913000584654,""physical_y_mm"":-0.49837310779455646,""physical_z_mm"":204.50190870749933,""internal_x_mm"":325.69913000584654,""internal_y_mm"":0.49837310779455646,""internal_z_mm"":204.50190870749933,""position_error_mm"":null,""robot_timestamp_utc"":""2026-09-09T15:33:14.704+00:00"",""extra"":null}"
2026-09-09T15:33:14.961Z,20260909T153149.834Z-379dfceb,12,telemetry_sample,telemetry,85.11891850000029,7,1918,2047,-47,0,,168.574,179.912,355.869,0.0,,0.08767187500001228,0.08778125000000614,-0.00014062499997180566,0.0,325.8953565155359,-0.4986733665501258,204.01995006003574,325.8953565155359,0.4986733665501258,204.01995006003574,,,,,"{""elapsed_s"":85.11891850000029,""sample_index"":7,""id11_raw"":1918,""id12_raw"":2047,""id13_raw"":-47,""id14_raw"":0,""id11_deg"":168.574,""id12_deg"":179.912,""id13_deg"":355.869,""id14_deg"":0.0,""q1_deg"":0.08767187500001228,""q2_deg"":0.08778125000000614,""q3_deg"":-0.00014062499997180566,""q4_deg"":0.0,""physical_x_mm"":325.8953565155359,""physical_y_mm"":-0.4986733665501258,""physical_z_mm"":204.01995006003574,""internal_x_mm"":325.8953565155359,""internal_y_mm"":0.4986733665501258,""internal_z_mm"":204.01995006003574,""position_error_mm"":null,""robot_timestamp_utc"":""2026-09-09T15:33:14.957+00:00"",""extra"":null}"
2026-09-09T15:33:15.212Z,20260909T153149.834Z-379dfceb,13,telemetry_sample,telemetry,85.36985520000235,8,1918,2046,-47,0,,168.574,179.824,355.869,0.0,,0.08767187500001228,-0.00021874999998772182,-0.00014062499997180566,0.0,325.69913000584654,-0.49837310779455646,204.50190870749933,325.69913000584654,0.49837310779455646,204.50190870749933,,,,,"{""elapsed_s"":85.36985520000235,""sample_index"":8,""id11_raw"":1918,""id12_raw"":2046,""id13_raw"":-47,""id14_raw"":0,""id11_deg"":168.574,""id12_deg"":179.824,""id13_deg"":355.869,""id14_deg"":0.0,""q1_deg"":0.08767187500001228,""q2_deg"":-0.00021874999998772182,""q3_deg"":-0.00014062499997180566,""q4_deg"":0.0,""physical_x_mm"":325.69913000584654,""physical_y_mm"":-0.49837310779455646,""physical_z_mm"":204.50190870749933,""internal_x_mm"":325.69913000584654,""internal_y_mm"":0.49837310779455646,""internal_z_mm"":204.50190870749933,""position_error_mm"":null,""robot_timestamp_utc"":""2026-09-09T15:33:15.210+00:00"",""extra"":null}"
2026-09-09T15:33:15.463Z,20260909T153149.834Z-379dfceb,14,telemetry_sample,telemetry,85.62125899999955,9,1918,2047,-47,0,,168.574,179.912,355.869,0.0,,0.08767187500001228,0.08778125000000614,-0.00014062499997180566,0.0,325.8953565155359,-0.4986733665501258,204.01995006003574,325.8953565155359,0.4986733665501258,204.01995006003574,,,,,"{""elapsed_s"":85.62125899999955,""sample_index"":9,""id11_raw"":1918,""id12_raw"":2047,""id13_raw"":-47,""id14_raw"":0,""id11_deg"":168.574,""id12_deg"":179.912,""id13_deg"":355.869,""id14_deg"":0.0,""q1_deg"":0.08767187500001228,""q2_deg"":0.08778125000000614,""q3_deg"":-0.00014062499997180566,""q4_deg"":0.0,""physical_x_mm"":325.8953565155359,""physical_y_mm"":-0.4986733665501258,""physical_z_mm"":204.01995006003574,""internal_x_mm"":325.8953565155359,""internal_y_mm"":0.4986733665501258,""internal_z_mm"":204.01995006003574,""position_error_mm"":null,""robot_timestamp_utc"":""2026-09-09T15:33:15.460+00:00"",""extra"":null}"
2026-09-09T15:33:15.716Z,20260909T153149.834Z-379dfceb,15,telemetry_sample,telemetry,85.8744050000023,10,1918,2046,-47,0,,168.574,179.824,355.869,0.0,,0.08767187500001228,-0.00021874999998772182,-0.00014062499997180566,0.0,325.69913000584654,-0.49837310779455646,204.50190870749933,325.69913000584654,0.49837310779455646,204.50190870749933,,,,,"{""elapsed_s"":85.8744050000023,""sample_index"":10,""id11_raw"":1918,""id12_raw"":2046,""id13_raw"":-47,""id14_raw"":0,""id11_deg"":168.574,""id12_deg"":179.824,""id13_deg"":355.869,""id14_deg"":0.0,""q1_deg"":0.08767187500001228,""q2_deg"":-0.00021874999998772182,""q3_deg"":-0.00014062499997180566,""q4_deg"":0.0,""physical_x_mm"":325.69913000584654,""physical_y_mm"":-0.49837310779455646,""physical_z_mm"":204.50190870749933,""internal_x_mm"":325.69913000584654,""internal_y_mm"":0.49837310779455646,""internal_z_mm"":204.50190870749933,""position_error_mm"":null,""robot_timestamp_utc"":""2026-09-09T15:33:15.713+00:00"",""extra"":null}"
2026-09-09T15:33:15.982Z,20260909T153149.834Z-379dfceb,16,telemetry_sample,telemetry,86.14047729999947,11,1918,2047,-47,0,,168.574,179.912,355.869,0.0,,0.08767187500001228,0.08778125000000614,-0.00014062499997180566,0.0,325.8953565155359,-0.4986733665501258,204.01995006003574,325.8953565155359,0.4986733665501258,204.01995006003574,,,,,"{""elapsed_s"":86.14047729999947,""sample_index"":11,""id11_raw"":1918,""id12_raw"":2047,""id13_raw"":-47,""id14_raw"":0,""id11_deg"":168.574,""id12_deg"":179.912,""id13_deg"":355.869,""id14_deg"":0.0,""q1_deg"":0.08767187500001228,""q2_deg"":0.08778125000000614,""q3_deg"":-0.00014062499997180566,""q4_deg"":0.0,""physical_x_mm"":325.8953565155359,""physical_y_mm"":-0.4986733665501258,""physical_z_mm"":204.01995006003574,""internal_x_mm"":325.8953565155359,""internal_y_mm"":0.4986733665501258,""internal_z_mm"":204.01995006003574,""position_error_mm"":null,""robot_timestamp_utc"":""2026-09-09T15:33:15.979+00:00"",""extra"":null}"
2026-09-09T15:33:16.245Z,20260909T153149.834Z-379dfceb,17,telemetry_sample,telemetry,86.40341270000135,12,1918,2047,-47,0,,168.574,179.912,355.869,0.0,,0.08767187500001228,0.08778125000000614,-0.00014062499997180566,0.0,325.8953565155359,-0.4986733665501258,204.01995006003574,325.8953565155359,0.4986733665501258,204.01995006003574,,,,,"{""elapsed_s"":86.40341270000135,""sample_index"":12,""id11_raw"":1918,""id12_raw"":2047,""id13_raw"":-47,""id14_raw"":0,""id11_deg"":168.574,""id12_deg"":179.912,""id13_deg"":355.869,""id14_deg"":0.0,""q1_deg"":0.08767187500001228,""q2_deg"":0.08778125000000614,""q3_deg"":-0.00014062499997180566,""q4_deg"":0.0,""physical_x_mm"":325.8953565155359,""physical_y_mm"":-0.4986733665501258,""physical_z_mm"":204.01995006003574,""internal_x_mm"":325.8953565155359,""internal_y_mm"":0.4986733665501258,""internal_z_mm"":204.01995006003574,""position_error_mm"":null,""robot_timestamp_utc"":""2026-09-09T15:33:16.243+00:00"",""extra"":null}"
2026-09-09T15:33:16.500Z,20260909T153149.834Z-379dfceb,18,telemetry_sample,telemetry,86.65774170000077,13,1918,2046,-47,0,,168.574,179.824,355.869,0.0,,0.08767187500001228,-0.00021874999998772182,-0.00014062499997180566,0.0,325.69913000584654,-0.49837310779455646,204.50190870749933,325.69913000584654,0.49837310779455646,204.50190870749933,,,,,"{""elapsed_s"":86.65774170000077,""sample_index"":13,""id11_raw"":1918,""id12_raw"":2046,""id13_raw"":-47,""id14_raw"":0,""id11_deg"":168.574,""id12_deg"":179.824,""id13_deg"":355.869,""id14_deg"":0.0,""q1_deg"":0.08767187500001228,""q2_deg"":-0.00021874999998772182,""q3_deg"":-0.00014062499997180566,""q4_deg"":0.0,""physical_x_mm"":325.69913000584654,""physical_y_mm"":-0.49837310779455646,""physical_z_mm"":204.50190870749933,""internal_x_mm"":325.69913000584654,""internal_y_mm"":0.49837310779455646,""internal_z_mm"":204.50190870749933,""position_error_mm"":null,""robot_timestamp_utc"":""2026-09-09T15:33:16.495+00:00"",""extra"":null}"
2026-09-09T15:33:16.745Z,20260909T153149.834Z-379dfceb,19,telemetry_sample,telemetry,86.90342960000271,14,1917,2047,-47,0,,168.486,179.912,355.869,0.0,,-0.00032812500001000444,0.08778125000000614,-0.00014062499997180566,0.0,325.89573803600354,0.0018663597904811959,204.01995006003574,325.89573803600354,-0.0018663597904811959,204.01995006003574,,,,,"{""elapsed_s"":86.90342960000271,""sample_index"":14,""id11_raw"":1917,""id12_raw"":2047,""id13_raw"":-47,""id14_raw"":0,""id11_deg"":168.486,""id12_deg"":179.912,""id13_deg"":355.869,""id14_deg"":0.0,""q1_deg"":-0.00032812500001000444,""q2_deg"":0.08778125000000614,""q3_deg"":-0.00014062499997180566,""q4_deg"":0.0,""physical_x_mm"":325.89573803600354,""physical_y_mm"":0.0018663597904811959,""physical_z_mm"":204.01995006003574,""internal_x_mm"":325.89573803600354,""internal_y_mm"":-0.0018663597904811959,""internal_z_mm"":204.01995006003574,""position_error_mm"":null,""robot_timestamp_utc"":""2026-09-09T15:33:16.744+00:00"",""extra"":null}"
2026-09-09T15:33:17.012Z,20260909T153149.834Z-379dfceb,20,telemetry_sample,telemetry,87.17032760000075,15,1918,2047,-47,0,,168.574,179.912,355.869,0.0,,0.08767187500001228,0.08778125000000614,-0.00014062499997180566,0.0,325.8953565155359,-0.4986733665501258,204.01995006003574,325.8953565155359,0.4986733665501258,204.01995006003574,,,,,"{""elapsed_s"":87.17032760000075,""sample_index"":15,""id11_raw"":1918,""id12_raw"":2047,""id13_raw"":-47,""id14_raw"":0,""id11_deg"":168.574,""id12_deg"":179.912,""id13_deg"":355.869,""id14_deg"":0.0,""q1_deg"":0.08767187500001228,""q2_deg"":0.08778125000000614,""q3_deg"":-0.00014062499997180566,""q4_deg"":0.0,""physical_x_mm"":325.8953565155359,""physical_y_mm"":-0.4986733665501258,""physical_z_mm"":204.01995006003574,""internal_x_mm"":325.8953565155359,""internal_y_mm"":0.4986733665501258,""internal_z_mm"":204.01995006003574,""position_error_mm"":null,""robot_timestamp_utc"":""2026-09-09T15:33:17.009+00:00"",""extra"":null}"
2026-09-09T15:33:17.265Z,20260909T153149.834Z-379dfceb,21,telemetry_sample,telemetry,87.42281010000079,16,1915,2046,-47,0,,168.311,179.824,355.869,0.0,,-0.17532812499999295,-0.00021874999998772182,-0.00014062499997180566,0.0,325.697986390279,0.9966562283518429,204.50190870749933,325.697986390279,-0.9966562283518429,204.50190870749933,,,,,"{""elapsed_s"":87.42281010000079,""sample_index"":16,""id11_raw"":1915,""id12_raw"":2046,""id13_raw"":-47,""id14_raw"":0,""id11_deg"":168.311,""id12_deg"":179.824,""id13_deg"":355.869,""id14_deg"":0.0,""q1_deg"":-0.17532812499999295,""q2_deg"":-0.00021874999998772182,""q3_deg"":-0.00014062499997180566,""q4_deg"":0.0,""physical_x_mm"":325.697986390279,""physical_y_mm"":0.9966562283518429,""physical_z_mm"":204.50190870749933,""internal_x_mm"":325.697986390279,""internal_y_mm"":-0.9966562283518429,""internal_z_mm"":204.50190870749933,""position_error_mm"":null,""robot_timestamp_utc"":""2026-09-09T15:33:17.262+00:00"",""extra"":null}"
2026-09-09T15:33:17.518Z,20260909T153149.834Z-379dfceb,22,telemetry_sample,telemetry,87.67620350000288,17,1916,2046,-47,0,,168.398,179.824,355.869,0.0,,-0.08832812500000387,-0.00021874999998772182,-0.00014062499997180566,0.0,325.69912427625496,0.5021035754485851,204.50190870749933,325.69912427625496,-0.5021035754485851,204.50190870749933,,,,,"{""elapsed_s"":87.67620350000288,""sample_index"":17,""id11_raw"":1916,""id12_raw"":2046,""id13_raw"":-47,""id14_raw"":0,""id11_deg"":168.398,""id12_deg"":179.824,""id13_deg"":355.869,""id14_deg"":0.0,""q1_deg"":-0.08832812500000387,""q2_deg"":-0.00021874999998772182,""q3_deg"":-0.00014062499997180566,""q4_deg"":0.0,""physical_x_mm"":325.69912427625496,""physical_y_mm"":0.5021035754485851,""physical_z_mm"":204.50190870749933,""internal_x_mm"":325.69912427625496,""internal_y_mm"":-0.5021035754485851,""internal_z_mm"":204.50190870749933,""position_error_mm"":null,""robot_timestamp_utc"":""2026-09-09T15:33:17.515+00:00"",""extra"":null}"
2026-09-09T15:33:17.781Z,20260909T153149.834Z-379dfceb,23,telemetry_sample,telemetry,87.93930170000021,18,1916,2046,-47,0,,168.398,179.824,355.869,0.0,,-0.08832812500000387,-0.00021874999998772182,-0.00014062499997180566,0.0,325.69912427625496,0.5021035754485851,204.50190870749933,325.69912427625496,-0.5021035754485851,204.50190870749933,,,,,"{""elapsed_s"":87.93930170000021,""sample_index"":18,""id11_raw"":1916,""id12_raw"":2046,""id13_raw"":-47,""id14_raw"":0,""id11_deg"":168.398,""id12_deg"":179.824,""id13_deg"":355.869,""id14_deg"":0.0,""q1_deg"":-0.08832812500000387,""q2_deg"":-0.00021874999998772182,""q3_deg"":-0.00014062499997180566,""q4_deg"":0.0,""physical_x_mm"":325.69912427625496,""physical_y_mm"":0.5021035754485851,""physical_z_mm"":204.50190870749933,""internal_x_mm"":325.69912427625496,""internal_y_mm"":-0.5021035754485851,""internal_z_mm"":204.50190870749933,""position_error_mm"":null,""robot_timestamp_utc"":""2026-09-09T15:33:17.779+00:00"",""extra"":null}"
2026-09-09T15:33:18.041Z,20260909T153149.834Z-379dfceb,24,telemetry_sample,telemetry,88.19950840000092,19,1916,2046,-47,0,,168.398,179.824,355.869,0.0,,-0.08832812500000387,-0.00021874999998772182,-0.00014062499997180566,0.0,325.69912427625496,0.5021035754485851,204.50190870749933,325.69912427625496,-0.5021035754485851,204.50190870749933,,,,,"{""elapsed_s"":88.19950840000092,""sample_index"":19,""id11_raw"":1916,""id12_raw"":2046,""id13_raw"":-47,""id14_raw"":0,""id11_deg"":168.398,""id12_deg"":179.824,""id13_deg"":355.869,""id14_deg"":0.0,""q1_deg"":-0.08832812500000387,""q2_deg"":-0.00021874999998772182,""q3_deg"":-0.00014062499997180566,""q4_deg"":0.0,""physical_x_mm"":325.69912427625496,""physical_y_mm"":0.5021035754485851,""physical_z_mm"":204.50190870749933,""internal_x_mm"":325.69912427625496,""internal_y_mm"":-0.5021035754485851,""internal_z_mm"":204.50190870749933,""position_error_mm"":null,""robot_timestamp_utc"":""2026-09-09T15:33:18.040+00:00"",""extra"":null}"
2026-09-09T15:33:18.294Z,20260909T153149.834Z-379dfceb,25,telemetry_sample,telemetry,88.45231110000168,20,1917,2046,-47,0,,168.486,179.824,355.869,0.0,,-0.00032812500001000444,-0.00021874999998772182,-0.00014062499997180566,0.0,325.69951129659495,0.0018652360271007463,204.50190870749933,325.69951129659495,-0.0018652360271007463,204.50190870749933,,,,,"{""elapsed_s"":88.45231110000168,""sample_index"":20,""id11_raw"":1917,""id12_raw"":2046,""id13_raw"":-47,""id14_raw"":0,""id11_deg"":168.486,""id12_deg"":179.824,""id13_deg"":355.869,""id14_deg"":0.0,""q1_deg"":-0.00032812500001000444,""q2_deg"":-0.00021874999998772182,""q3_deg"":-0.00014062499997180566,""q4_deg"":0.0,""physical_x_mm"":325.69951129659495,""physical_y_mm"":0.0018652360271007463,""physical_z_mm"":204.50190870749933,""internal_x_mm"":325.69951129659495,""internal_y_mm"":-0.0018652360271007463,""internal_z_mm"":204.50190870749933,""position_error_mm"":null,""robot_timestamp_utc"":""2026-09-09T15:33:18.294+00:00"",""extra"":null}"
2026-09-09T15:33:18.562Z,20260909T153149.834Z-379dfceb,26,telemetry_sample,telemetry,88.71969250000257,21,1917,2043,-49,0,,168.486,179.561,355.693,0.0,,-0.00032812500001000444,-0.26321874999999295,-0.17614062500001637,0.0,325.10319499452083,0.0018618210061639687,206.83038107657856,325.10319499452083,-0.0018618210061639687,206.83038107657856,,,,,"{""elapsed_s"":88.71969250000257,""sample_index"":21,""id11_raw"":1917,""id12_raw"":2043,""id13_raw"":-49,""id14_raw"":0,""id11_deg"":168.486,""id12_deg"":179.561,""id13_deg"":355.693,""id14_deg"":0.0,""q1_deg"":-0.00032812500001000444,""q2_deg"":-0.26321874999999295,""q3_deg"":-0.17614062500001637,""q4_deg"":0.0,""physical_x_mm"":325.10319499452083,""physical_y_mm"":0.0018618210061639687,""physical_z_mm"":206.83038107657856,""internal_x_mm"":325.10319499452083,""internal_y_mm"":-0.0018618210061639687,""internal_z_mm"":206.83038107657856,""position_error_mm"":null,""robot_timestamp_utc"":""2026-09-09T15:33:18.559+00:00"",""extra"":null}"
2026-09-09T15:33:18.824Z,20260909T153149.834Z-379dfceb,27,telemetry_sample,telemetry,88.98202680000031,22,1919,2043,-49,0,,168.662,179.561,355.693,0.0,,0.17567187500000614,-0.26321874999999295,-0.17614062500001637,0.0,325.101666905712,-0.9967819416785161,206.83038107657856,325.101666905712,0.9967819416785161,206.83038107657856,,,,,"{""elapsed_s"":88.98202680000031,""sample_index"":22,""id11_raw"":1919,""id12_raw"":2043,""id13_raw"":-49,""id14_raw"":0,""id11_deg"":168.662,""id12_deg"":179.561,""id13_deg"":355.693,""id14_deg"":0.0,""q1_deg"":0.17567187500000614,""q2_deg"":-0.26321874999999295,""q3_deg"":-0.17614062500001637,""q4_deg"":0.0,""physical_x_mm"":325.101666905712,""physical_y_mm"":-0.9967819416785161,""physical_z_mm"":206.83038107657856,""internal_x_mm"":325.101666905712,""internal_y_mm"":0.9967819416785161,""internal_z_mm"":206.83038107657856,""position_error_mm"":null,""robot_timestamp_utc"":""2026-09-09T15:33:18.821+00:00"",""extra"":null}"
2026-09-09T15:33:19.069Z,20260909T153149.834Z-379dfceb,28,telemetry_sample,telemetry,89.22728940000161,23,1917,2043,-49,0,,168.486,179.561,355.693,0.0,,-0.00032812500001000444,-0.26321874999999295,-0.17614062500001637,0.0,325.10319499452083,0.0018618210061639687,206.83038107657856,325.10319499452083,-0.0018618210061639687,206.83038107657856,,,,,"{""elapsed_s"":89.22728940000161,""sample_index"":23,""id11_raw"":1917,""id12_raw"":2043,""id13_raw"":-49,""id14_raw"":0,""id11_deg"":168.486,""id12_deg"":179.561,""id13_deg"":355.693,""id14_deg"":0.0,""q1_deg"":-0.00032812500001000444,""q2_deg"":-0.26321874999999295,""q3_deg"":-0.17614062500001637,""q4_deg"":0.0,""physical_x_mm"":325.10319499452083,""physical_y_mm"":0.0018618210061639687,""physical_z_mm"":206.83038107657856,""internal_x_mm"":325.10319499452083,""internal_y_mm"":-0.0018618210061639687,""internal_z_mm"":206.83038107657856,""position_error_mm"":null,""robot_timestamp_utc"":""2026-09-09T15:33:19.068+00:00"",""extra"":null}"
2026-09-09T15:33:19.326Z,20260909T153149.834Z-379dfceb,30,telemetry_sample,telemetry,89.4843335000005,24,1914,2080,-39,49,,168.223,182.812,356.572,4.307,,-0.2633281249999868,2.987781250000012,0.7028593750000027,4.306999999999988,330.4668392899769,1.5188173826587594,172.0390358196016,330.4668392899769,-1.5188173826587594,172.0390358196016,,,,,"{""elapsed_s"":89.4843335000005,""sample_index"":24,""id11_raw"":1914,""id12_raw"":2080,""id13_raw"":-39,""id14_raw"":49,""id11_deg"":168.223,""id12_deg"":182.812,""id13_deg"":356.572,""id14_deg"":4.307,""q1_deg"":-0.2633281249999868,""q2_deg"":2.987781250000012,""q3_deg"":0.7028593750000027,""q4_deg"":4.306999999999988,""physical_x_mm"":330.4668392899769,""physical_y_mm"":1.5188173826587594,""physical_z_mm"":172.0390358196016,""internal_x_mm"":330.4668392899769,""internal_y_mm"":-1.5188173826587594,""internal_z_mm"":172.0390358196016,""position_error_mm"":null,""robot_timestamp_utc"":""2026-09-09T15:33:19.323+00:00"",""extra"":null}"
2026-09-09T15:33:19.573Z,20260909T153149.834Z-379dfceb,31,telemetry_sample,telemetry,89.73150929999974,25,1914,2094,-57,131,,168.223,184.043,354.99,11.514,,-0.2633281249999868,4.218781250000006,-0.8791406249999909,11.51400000000001,329.3001812405607,1.5134554512502125,152.68669868832126,329.3001812405607,-1.5134554512502125,152.68669868832126,,,,,"{""elapsed_s"":89.73150929999974,""sample_index"":25,""id11_raw"":1914,""id12_raw"":2094,""id13_raw"":-57,""id14_raw"":131,""id11_deg"":168.223,""id12_deg"":184.043,""id13_deg"":354.99,""id14_deg"":11.514,""q1_deg"":-0.2633281249999868,""q2_deg"":4.218781250000006,""q3_deg"":-0.8791406249999909,""q4_deg"":11.51400000000001,""physical_x_mm"":329.3001812405607,""physical_y_mm"":1.5134554512502125,""physical_z_mm"":152.68669868832126,""internal_x_mm"":329.3001812405607,""internal_y_mm"":-1.5134554512502125,""internal_z_mm"":152.68669868832126,""position_error_mm"":null,""robot_timestamp_utc"":""2026-09-09T15:33:19.572+00:00"",""extra"":null}"
2026-09-09T15:33:19.821Z,20260909T153149.834Z-379dfceb,32,telemetry_sample,telemetry,89.97944490000009,26,1911,2095,-65,131,,167.959,184.131,354.287,11.514,,-0.5273281249999968,4.30678125,-1.5821406250000223,11.51400000000001,330.0001028177523,3.0372786723088296,155.6860115311396,330.0001028177523,-3.0372786723088296,155.6860115311396,,,,,"{""elapsed_s"":89.97944490000009,""sample_index"":26,""id11_raw"":1911,""id12_raw"":2095,""id13_raw"":-65,""id14_raw"":131,""id11_deg"":167.959,""id12_deg"":184.131,""id13_deg"":354.287,""id14_deg"":11.514,""q1_deg"":-0.5273281249999968,""q2_deg"":4.30678125,""q3_deg"":-1.5821406250000223,""q4_deg"":11.51400000000001,""physical_x_mm"":330.0001028177523,""physical_y_mm"":3.0372786723088296,""physical_z_mm"":155.6860115311396,""internal_x_mm"":330.0001028177523,""internal_y_mm"":-3.0372786723088296,""internal_z_mm"":155.6860115311396,""position_error_mm"":null,""robot_timestamp_utc"":""2026-09-09T15:33:19.821+00:00"",""extra"":null}"
2026-09-09T15:33:20.076Z,20260909T153149.834Z-379dfceb,33,telemetry_sample,telemetry,90.23402970000097,27,1886,2095,-52,132,,165.762,184.131,355.43,11.602,,-2.7243281249999995,4.30678125,-0.4391406249999932,11.602000000000004,328.5874198535971,15.635622606771923,149.77542759837547,328.5874198535971,-15.635622606771923,149.77542759837547,,,,,"{""elapsed_s"":90.23402970000097,""sample_index"":27,""id11_raw"":1886,""id12_raw"":2095,""id13_raw"":-52,""id14_raw"":132,""id11_deg"":165.762,""id12_deg"":184.131,""id13_deg"":355.43,""id14_deg"":11.602,""q1_deg"":-2.7243281249999995,""q2_deg"":4.30678125,""q3_deg"":-0.4391406249999932,""q4_deg"":11.602000000000004,""physical_x_mm"":328.5874198535971,""physical_y_mm"":15.635622606771923,""physical_z_mm"":149.77542759837547,""internal_x_mm"":328.5874198535971,""internal_y_mm"":-15.635622606771923,""internal_z_mm"":149.77542759837547,""position_error_mm"":null,""robot_timestamp_utc"":""2026-09-09T15:33:20.074+00:00"",""extra"":null}"
2026-09-09T15:33:20.328Z,20260909T153149.834Z-379dfceb,34,telemetry_sample,telemetry,90.48615129999962,28,1849,2092,-1,133,,162.51,183.867,359.912,11.689,,-5.976328125000009,4.04278124999999,4.042859374999978,11.688999999999993,321.90143147457286,33.69874617129476,128.9886148477322,321.90143147457286,-33.69874617129476,128.9886148477322,,,,,"{""elapsed_s"":90.48615129999962,""sample_index"":28,""id11_raw"":1849,""id12_raw"":2092,""id13_raw"":-1,""id14_raw"":133,""id11_deg"":162.51,""id12_deg"":183.867,""id13_deg"":359.912,""id14_deg"":11.689,""q1_deg"":-5.976328125000009,""q2_deg"":4.04278124999999,""q3_deg"":4.042859374999978,""q4_deg"":11.688999999999993,""physical_x_mm"":321.90143147457286,""physical_y_mm"":33.69874617129476,""physical_z_mm"":128.9886148477322,""internal_x_mm"":321.90143147457286,""internal_y_mm"":-33.69874617129476,""internal_z_mm"":128.9886148477322,""position_error_mm"":null,""robot_timestamp_utc"":""2026-09-09T15:33:20.326+00:00"",""extra"":null}"
2026-09-09T15:33:20.579Z,20260909T153149.834Z-379dfceb,35,telemetry_sample,telemetry,90.7372374000006,29,1820,2087,69,134,,159.961,183.428,6.064,11.777,,-8.525328124999987,3.6037812499999973,10.194859375000021,11.776999999999987,310.41530727392563,46.53217465316242,101.62997543751094,310.41530727392563,-46.53217465316242,101.62997543751094,,,,,"{""elapsed_s"":90.7372374000006,""sample_index"":29,""id11_raw"":1820,""id12_raw"":2087,""id13_raw"":69,""id14_raw"":134,""id11_deg"":159.961,""id12_deg"":183.428,""id13_deg"":6.064,""id14_deg"":11.777,""q1_deg"":-8.525328124999987,""q2_deg"":3.6037812499999973,""q3_deg"":10.194859375000021,""q4_deg"":11.776999999999987,""physical_x_mm"":310.41530727392563,""physical_y_mm"":46.53217465316242,""physical_z_mm"":101.62997543751094,""internal_x_mm"":310.41530727392563,""internal_y_mm"":-46.53217465316242,""internal_z_mm"":101.62997543751094,""position_error_mm"":null,""robot_timestamp_utc"":""2026-09-09T15:33:20.578+00:00"",""extra"":null}"
2026-09-09T15:33:20.831Z,20260909T153149.834Z-379dfceb,36,telemetry_sample,telemetry,90.9894798000023,30,1785,2053,131,133,,156.885,180.439,11.514,11.689,,-11.601328125000009,0.614781249999993,15.64485937500001,11.688999999999993,296.60070803158106,60.89054663493521,91.85602868778041,296.60070803158106,-60.89054663493521,91.85602868778041,,,,,"{""elapsed_s"":90.9894798000023,""sample_index"":30,""id11_raw"":1785,""id12_raw"":2053,""id13_raw"":131,""id14_raw"":133,""id11_deg"":156.885,""id12_deg"":180.439,""id13_deg"":11.514,""id14_deg"":11.689,""q1_deg"":-11.601328125000009,""q2_deg"":0.614781249999993,""q3_deg"":15.64485937500001,""q4_deg"":11.688999999999993,""physical_x_mm"":296.60070803158106,""physical_y_mm"":60.89054663493521,""physical_z_mm"":91.85602868778041,""internal_x_mm"":296.60070803158106,""internal_y_mm"":-60.89054663493521,""internal_z_mm"":91.85602868778041,""position_error_mm"":null,""robot_timestamp_utc"":""2026-09-09T15:33:20.829+00:00"",""extra"":null}"
2026-09-09T15:33:21.084Z,20260909T153149.834Z-379dfceb,37,telemetry_sample,telemetry,91.24218620000102,31,1772,2024,189,134,,155.742,177.891,16.611,11.777,,-12.74432812500001,-1.9332187500000089,20.74185937499999,11.776999999999987,284.5067781106112,64.34770575805308,80.94571307264135,284.5067781106112,-64.34770575805308,80.94571307264135,,,,,"{""elapsed_s"":91.24218620000102,""sample_index"":31,""id11_raw"":1772,""id12_raw"":2024,""id13_raw"":189,""id14_raw"":134,""id11_deg"":155.742,""id12_deg"":177.891,""id13_deg"":16.611,""id14_deg"":11.777,""q1_deg"":-12.74432812500001,""q2_deg"":-1.9332187500000089,""q3_deg"":20.74185937499999,""q4_deg"":11.776999999999987,""physical_x_mm"":284.5067781106112,""physical_y_mm"":64.34770575805308,""physical_z_mm"":80.94571307264135,""internal_x_mm"":284.5067781106112,""internal_y_mm"":-64.34770575805308,""internal_z_mm"":80.94571307264135,""position_error_mm"":null,""robot_timestamp_utc"":""2026-09-09T15:33:21.082+00:00"",""extra"":null}"
2026-09-09T15:33:21.340Z,20260909T153149.834Z-379dfceb,38,telemetry_sample,telemetry,91.49814619999961,32,1767,1989,244,134,,155.303,174.814,21.445,11.777,,-13.183328125000003,-5.010218750000007,25.575859374999993,11.776999999999987,273.42014549876006,64.04618554659973,73.90178616248599,273.42014549876006,-64.04618554659973,73.90178616248599,,,,,"{""elapsed_s"":91.49814619999961,""sample_index"":32,""id11_raw"":1767,""id12_raw"":1989,""id13_raw"":244,""id14_raw"":134,""id11_deg"":155.303,""id12_deg"":174.814,""id13_deg"":21.445,""id14_deg"":11.777,""q1_deg"":-13.183328125000003,""q2_deg"":-5.010218750000007,""q3_deg"":25.575859374999993,""q4_deg"":11.776999999999987,""physical_x_mm"":273.42014549876006,""physical_y_mm"":64.04618554659973,""physical_z_mm"":73.90178616248599,""internal_x_mm"":273.42014549876006,""internal_y_mm"":-64.04618554659973,""internal_z_mm"":73.90178616248599,""position_error_mm"":null,""robot_timestamp_utc"":""2026-09-09T15:33:21.337+00:00"",""extra"":null}"
2026-09-09T15:33:21.595Z,20260909T153149.834Z-379dfceb,39,telemetry_sample,telemetry,91.75352660000135,33,1761,1965,266,134,,154.775,172.705,23.379,11.777,,-13.711328124999994,-7.1192187499999875,27.50985937500002,11.776999999999987,268.56738903236896,65.52592975865296,75.0652548719215,268.56738903236896,-65.52592975865296,75.0652548719215,,,,,"{""elapsed_s"":91.75352660000135,""sample_index"":33,""id11_raw"":1761,""id12_raw"":1965,""id13_raw"":266,""id14_raw"":134,""id11_deg"":154.775,""id12_deg"":172.705,""id13_deg"":23.379,""id14_deg"":11.777,""q1_deg"":-13.711328124999994,""q2_deg"":-7.1192187499999875,""q3_deg"":27.50985937500002,""q4_deg"":11.776999999999987,""physical_x_mm"":268.56738903236896,""physical_y_mm"":65.52592975865296,""physical_z_mm"":75.0652548719215,""internal_x_mm"":268.56738903236896,""internal_y_mm"":-65.52592975865296,""internal_z_mm"":75.0652548719215,""position_error_mm"":null,""robot_timestamp_utc"":""2026-09-09T15:33:21.593+00:00"",""extra"":null}"
2026-09-09T15:33:21.849Z,20260909T153149.834Z-379dfceb,40,telemetry_sample,telemetry,92.00743610000063,34,1759,1964,270,134,,154.6,172.617,23.73,11.777,,-13.886328125000006,-7.20721875000001,27.860859375000018,11.776999999999987,267.5839311794064,66.15257105121866,73.90133944824844,267.5839311794064,-66.15257105121866,73.90133944824844,,,,,"{""elapsed_s"":92.00743610000063,""sample_index"":34,""id11_raw"":1759,""id12_raw"":1964,""id13_raw"":270,""id14_raw"":134,""id11_deg"":154.6,""id12_deg"":172.617,""id13_deg"":23.73,""id14_deg"":11.777,""q1_deg"":-13.886328125000006,""q2_deg"":-7.20721875000001,""q3_deg"":27.860859375000018,""q4_deg"":11.776999999999987,""physical_x_mm"":267.5839311794064,""physical_y_mm"":66.15257105121866,""physical_z_mm"":73.90133944824844,""internal_x_mm"":267.5839311794064,""internal_y_mm"":-66.15257105121866,""internal_z_mm"":73.90133944824844,""position_error_mm"":null,""robot_timestamp_utc"":""2026-09-09T15:33:21.847+00:00"",""extra"":null}"
2026-09-09T15:33:22.101Z,20260909T153149.834Z-379dfceb,41,telemetry_sample,telemetry,92.25879130000249,35,1761,1965,271,134,,154.775,172.705,23.818,11.777,,-13.711328124999994,-7.1192187499999875,27.948859374999984,11.776999999999987,267.5818229077309,65.28546818627733,73.10387527205674,267.5818229077309,-65.28546818627733,73.10387527205674,,,,,"{""elapsed_s"":92.25879130000249,""sample_index"":35,""id11_raw"":1761,""id12_raw"":1965,""id13_raw"":271,""id14_raw"":134,""id11_deg"":154.775,""id12_deg"":172.705,""id13_deg"":23.818,""id14_deg"":11.777,""q1_deg"":-13.711328124999994,""q2_deg"":-7.1192187499999875,""q3_deg"":27.948859374999984,""q4_deg"":11.776999999999987,""physical_x_mm"":267.5818229077309,""physical_y_mm"":65.28546818627733,""physical_z_mm"":73.10387527205674,""internal_x_mm"":267.5818229077309,""internal_y_mm"":-65.28546818627733,""internal_z_mm"":73.10387527205674,""position_error_mm"":null,""robot_timestamp_utc"":""2026-09-09T15:33:22.100+00:00"",""extra"":null}"
2026-09-09T15:33:22.359Z,20260909T153149.834Z-379dfceb,42,telemetry_sample,telemetry,92.51733940000122,36,1762,1965,271,134,,154.863,172.705,23.818,11.777,,-13.623328125,-7.1192187499999875,27.948859374999984,11.776999999999987,267.6817785421962,64.87441516817175,73.10387527205674,267.6817785421962,-64.87441516817175,73.10387527205674,,,,,"{""elapsed_s"":92.51733940000122,""sample_index"":36,""id11_raw"":1762,""id12_raw"":1965,""id13_raw"":271,""id14_raw"":134,""id11_deg"":154.863,""id12_deg"":172.705,""id13_deg"":23.818,""id14_deg"":11.777,""q1_deg"":-13.623328125,""q2_deg"":-7.1192187499999875,""q3_deg"":27.948859374999984,""q4_deg"":11.776999999999987,""physical_x_mm"":267.6817785421962,""physical_y_mm"":64.87441516817175,""physical_z_mm"":73.10387527205674,""internal_x_mm"":267.6817785421962,""internal_y_mm"":-64.87441516817175,""internal_z_mm"":73.10387527205674,""position_error_mm"":null,""robot_timestamp_utc"":""2026-09-09T15:33:22.356+00:00"",""extra"":null}"
2026-09-09T15:33:22.607Z,20260909T153149.834Z-379dfceb,43,telemetry_sample,telemetry,92.76537740000276,37,1762,1965,271,134,,154.863,172.705,23.818,11.777,,-13.623328125,-7.1192187499999875,27.948859374999984,11.776999999999987,267.6817785421962,64.87441516817175,73.10387527205674,267.6817785421962,-64.87441516817175,73.10387527205674,,,,,"{""elapsed_s"":92.76537740000276,""sample_index"":37,""id11_raw"":1762,""id12_raw"":1965,""id13_raw"":271,""id14_raw"":134,""id11_deg"":154.863,""id12_deg"":172.705,""id13_deg"":23.818,""id14_deg"":11.777,""q1_deg"":-13.623328125,""q2_deg"":-7.1192187499999875,""q3_deg"":27.948859374999984,""q4_deg"":11.776999999999987,""physical_x_mm"":267.6817785421962,""physical_y_mm"":64.87441516817175,""physical_z_mm"":73.10387527205674,""internal_x_mm"":267.6817785421962,""internal_y_mm"":-64.87441516817175,""internal_z_mm"":73.10387527205674,""position_error_mm"":null,""robot_timestamp_utc"":""2026-09-09T15:33:22.606+00:00"",""extra"":null}"
2026-09-09T15:33:22.869Z,20260909T153149.834Z-379dfceb,44,telemetry_sample,telemetry,93.02727600000071,38,1762,1965,271,134,,154.863,172.705,23.818,11.777,,-13.623328125,-7.1192187499999875,27.948859374999984,11.776999999999987,267.6817785421962,64.87441516817175,73.10387527205674,267.6817785421962,-64.87441516817175,73.10387527205674,,,,,"{""elapsed_s"":93.02727600000071,""sample_index"":38,""id11_raw"":1762,""id12_raw"":1965,""id13_raw"":271,""id14_raw"":134,""id11_deg"":154.863,""id12_deg"":172.705,""id13_deg"":23.818,""id14_deg"":11.777,""q1_deg"":-13.623328125,""q2_deg"":-7.1192187499999875,""q3_deg"":27.948859374999984,""q4_deg"":11.776999999999987,""physical_x_mm"":267.6817785421962,""physical_y_mm"":64.87441516817175,""physical_z_mm"":73.10387527205674,""internal_x_mm"":267.6817785421962,""internal_y_mm"":-64.87441516817175,""internal_z_mm"":73.10387527205674,""position_error_mm"":null,""robot_timestamp_utc"":""2026-09-09T15:33:22.868+00:00"",""extra"":null}"
2026-09-09T15:33:23.124Z,20260909T153149.834Z-379dfceb,45,telemetry_sample,telemetry,93.28251010000167,39,1762,1965,271,133,,154.863,172.705,23.818,11.689,,-13.623328125,-7.1192187499999875,27.948859374999984,11.688999999999993,267.8149004255861,64.90667812001718,73.31836615963574,267.8149004255861,-64.90667812001718,73.31836615963574,,,,,"{""elapsed_s"":93.28251010000167,""sample_index"":39,""id11_raw"":1762,""id12_raw"":1965,""id13_raw"":271,""id14_raw"":133,""id11_deg"":154.863,""id12_deg"":172.705,""id13_deg"":23.818,""id14_deg"":11.689,""q1_deg"":-13.623328125,""q2_deg"":-7.1192187499999875,""q3_deg"":27.948859374999984,""q4_deg"":11.688999999999993,""physical_x_mm"":267.8149004255861,""physical_y_mm"":64.90667812001718,""physical_z_mm"":73.31836615963574,""internal_x_mm"":267.8149004255861,""internal_y_mm"":-64.90667812001718,""internal_z_mm"":73.31836615963574,""position_error_mm"":null,""robot_timestamp_utc"":""2026-09-09T15:33:23.123+00:00"",""extra"":null}"
2026-09-09T15:33:23.382Z,20260909T153149.834Z-379dfceb,46,telemetry_sample,telemetry,93.54022430000259,40,1764,1965,271,133,,155.039,172.705,23.818,11.689,,-13.447328125000013,-7.1192187499999875,27.948859374999984,11.688999999999993,268.01301558739243,64.08370487334724,73.31836615963574,268.01301558739243,-64.08370487334724,73.31836615963574,,,,,"{""elapsed_s"":93.54022430000259,""sample_index"":40,""id11_raw"":1764,""id12_raw"":1965,""id13_raw"":271,""id14_raw"":133,""id11_deg"":155.039,""id12_deg"":172.705,""id13_deg"":23.818,""id14_deg"":11.689,""q1_deg"":-13.447328125000013,""q2_deg"":-7.1192187499999875,""q3_deg"":27.948859374999984,""q4_deg"":11.688999999999993,""physical_x_mm"":268.01301558739243,""physical_y_mm"":64.08370487334724,""physical_z_mm"":73.31836615963574,""internal_x_mm"":268.01301558739243,""internal_y_mm"":-64.08370487334724,""internal_z_mm"":73.31836615963574,""position_error_mm"":null,""robot_timestamp_utc"":""2026-09-09T15:33:23.378+00:00"",""extra"":null}"
2026-09-09T15:33:23.643Z,20260909T153149.834Z-379dfceb,47,telemetry_sample,telemetry,93.80092440000226,41,1764,1964,271,134,,155.039,172.617,23.818,11.777,,-13.447328125000013,-7.20721875000001,27.948859374999984,11.776999999999987,267.88456610268577,64.05299174230385,73.50848005726445,267.88456610268577,-64.05299174230385,73.50848005726445,,,,,"{""elapsed_s"":93.80092440000226,""sample_index"":41,""id11_raw"":1764,""id12_raw"":1964,""id13_raw"":271,""id14_raw"":134,""id11_deg"":155.039,""id12_deg"":172.617,""id13_deg"":23.818,""id14_deg"":11.777,""q1_deg"":-13.447328125000013,""q2_deg"":-7.20721875000001,""q3_deg"":27.948859374999984,""q4_deg"":11.776999999999987,""physical_x_mm"":267.88456610268577,""physical_y_mm"":64.05299174230385,""physical_z_mm"":73.50848005726445,""internal_x_mm"":267.88456610268577,""internal_y_mm"":-64.05299174230385,""internal_z_mm"":73.50848005726445,""position_error_mm"":null,""robot_timestamp_utc"":""2026-09-09T15:33:23.641+00:00"",""extra"":null}"
2026-09-09T15:33:23.897Z,20260909T153149.834Z-379dfceb,48,telemetry_sample,telemetry,94.05465340000228,42,1764,1965,271,134,,155.039,172.705,23.818,11.777,,-13.447328125000013,-7.1192187499999875,27.948859374999984,11.776999999999987,267.879795227542,64.05185099414267,73.10387527205674,267.879795227542,-64.05185099414267,73.10387527205674,,,,,"{""elapsed_s"":94.05465340000228,""sample_index"":42,""id11_raw"":1764,""id12_raw"":1965,""id13_raw"":271,""id14_raw"":134,""id11_deg"":155.039,""id12_deg"":172.705,""id13_deg"":23.818,""id14_deg"":11.777,""q1_deg"":-13.447328125000013,""q2_deg"":-7.1192187499999875,""q3_deg"":27.948859374999984,""q4_deg"":11.776999999999987,""physical_x_mm"":267.879795227542,""physical_y_mm"":64.05185099414267,""physical_z_mm"":73.10387527205674,""internal_x_mm"":267.879795227542,""internal_y_mm"":-64.05185099414267,""internal_z_mm"":73.10387527205674,""position_error_mm"":null,""robot_timestamp_utc"":""2026-09-09T15:33:23.895+00:00"",""extra"":null}"
2026-09-09T15:34:54.752Z,20260909T153149.834Z-379dfceb,52,analysis_reference,telemetry,184.9101386000002,43,1917,2046,-47,943,,168.486,179.824,355.869,82.881,,-0.00032812500001000444,-0.00021874999998772182,-0.00014062499997180566,82.88099999999997,180.53583302935246,0.0010339037311061314,40.07839680937772,180.53583302935246,-0.0010339037311061314,40.07839680937772,,,,,"{""elapsed_s"":184.9101386000002,""sample_index"":43,""id11_raw"":1917,""id12_raw"":2046,""id13_raw"":-47,""id14_raw"":943,""id11_deg"":168.486,""id12_deg"":179.824,""id13_deg"":355.869,""id14_deg"":82.881,""q1_deg"":-0.00032812500001000444,""q2_deg"":-0.00021874999998772182,""q3_deg"":-0.00014062499997180566,""q4_deg"":82.88099999999997,""physical_x_mm"":180.53583302935246,""physical_y_mm"":0.0010339037311061314,""physical_z_mm"":40.07839680937772,""internal_x_mm"":180.53583302935246,""internal_y_mm"":-0.0010339037311061314,""internal_z_mm"":40.07839680937772,""position_error_mm"":null,""robot_timestamp_utc"":""2026-09-09T15:34:54.752+00:00"",""extra"":null}"
2026-09-09T15:35:09.621Z,20260909T153149.834Z-379dfceb,56,point_phase_measured,telemetry,199.77875870000207,44,2256,2242,-199,565,,198.281,197.051,342.51,49.658,,29.794671875000006,17.226781249999988,-13.359140625000009,49.658000000000015,256.0489191086184,-146.60897971396358,50.043015194355576,256.0489191086184,146.60897971396358,50.043015194355576,257.0,-145.0,50.0,1.8695509858901873,"{""elapsed_s"":199.77875870000207,""sample_index"":44,""id11_raw"":2256,""id12_raw"":2242,""id13_raw"":-199,""id14_raw"":565,""id11_deg"":198.281,""id12_deg"":197.051,""id13_deg"":342.51,""id14_deg"":49.658,""q1_deg"":29.794671875000006,""q2_deg"":17.226781249999988,""q3_deg"":-13.359140625000009,""q4_deg"":49.658000000000015,""physical_x_mm"":256.0489191086184,""physical_y_mm"":-146.60897971396358,""physical_z_mm"":50.043015194355576,""internal_x_mm"":256.0489191086184,""internal_y_mm"":146.60897971396358,""internal_z_mm"":50.043015194355576,""position_error_mm"":1.8695509858901873,""robot_timestamp_utc"":""2026-09-09T15:35:09.621+00:00"",""extra"":{""point"":""P05"",""phase"":""APPROACH""},""target_x_mm"":257.0,""target_y_mm"":-145.0,""target_z_mm"":50.0}"
2026-09-09T15:35:11.510Z,20260909T153149.834Z-379dfceb,59,point_phase_measured,telemetry,201.66844480000145,45,2255,2366,-201,508,,198.193,207.949,342.334,44.648,,29.706671875000012,28.124781250000012,-13.535140624999997,44.647999999999996,259.05915117822605,-147.80471462157686,4.4524436110494605,259.05915117822605,147.80471462157686,4.4524436110494605,257.0,-145.0,0.0,5.65073285449347,"{""elapsed_s"":201.66844480000145,""sample_index"":45,""id11_raw"":2255,""id12_raw"":2366,""id13_raw"":-201,""id14_raw"":508,""id11_deg"":198.193,""id12_deg"":207.949,""id13_deg"":342.334,""id14_deg"":44.648,""q1_deg"":29.706671875000012,""q2_deg"":28.124781250000012,""q3_deg"":-13.535140624999997,""q4_deg"":44.647999999999996,""physical_x_mm"":259.05915117822605,""physical_y_mm"":-147.80471462157686,""physical_z_mm"":4.4524436110494605,""internal_x_mm"":259.05915117822605,""internal_y_mm"":147.80471462157686,""internal_z_mm"":4.4524436110494605,""position_error_mm"":5.65073285449347,""robot_timestamp_utc"":""2026-09-09T15:35:11.510+00:00"",""extra"":{""point"":""P05"",""phase"":""TOUCH""},""target_x_mm"":257.0,""target_y_mm"":-145.0,""target_z_mm"":0.0}"
2026-09-09T15:35:31.640Z,20260909T153149.834Z-379dfceb,64,point_phase_measured,telemetry,221.79773360000036,46,1400,2130,-192,971,,123.047,187.207,343.125,85.342,,-45.439328125,7.382781249999994,-12.744140625,85.34199999999998,143.51479853791787,145.73271158188425,48.768175514378584,143.51479853791787,-145.73271158188425,48.768175514378584,146.0,145.0,50.0,2.868882035347383,"{""elapsed_s"":221.79773360000036,""sample_index"":46,""id11_raw"":1400,""id12_raw"":2130,""id13_raw"":-192,""id14_raw"":971,""id11_deg"":123.047,""id12_deg"":187.207,""id13_deg"":343.125,""id14_deg"":85.342,""q1_deg"":-45.439328125,""q2_deg"":7.382781249999994,""q3_deg"":-12.744140625,""q4_deg"":85.34199999999998,""physical_x_mm"":143.51479853791787,""physical_y_mm"":145.73271158188425,""physical_z_mm"":48.768175514378584,""internal_x_mm"":143.51479853791787,""internal_y_mm"":-145.73271158188425,""internal_z_mm"":48.768175514378584,""position_error_mm"":2.868882035347383,""robot_timestamp_utc"":""2026-09-09T15:35:31.640+00:00"",""extra"":{""point"":""P02"",""phase"":""APPROACH""},""target_x_mm"":146.0,""target_y_mm"":145.0,""target_z_mm"":50.0}"
2026-09-09T15:35:33.504Z,20260909T153149.834Z-379dfceb,67,point_phase_measured,telemetry,223.66228010000123,47,1404,2248,-120,854,,123.398,197.578,349.453,75.059,,-45.088328125000004,17.753781250000003,-6.4161406250000255,75.059,145.35596038963422,145.80481903702966,1.3362169306937517,145.35596038963422,-145.80481903702966,1.3362169306937517,146.0,145.0,0.0,1.6876007786079281,"{""elapsed_s"":223.66228010000123,""sample_index"":47,""id11_raw"":1404,""id12_raw"":2248,""id13_raw"":-120,""id14_raw"":854,""id11_deg"":123.398,""id12_deg"":197.578,""id13_deg"":349.453,""id14_deg"":75.059,""q1_deg"":-45.088328125000004,""q2_deg"":17.753781250000003,""q3_deg"":-6.4161406250000255,""q4_deg"":75.059,""physical_x_mm"":145.35596038963422,""physical_y_mm"":145.80481903702966,""physical_z_mm"":1.3362169306937517,""internal_x_mm"":145.35596038963422,""internal_y_mm"":-145.80481903702966,""internal_z_mm"":1.3362169306937517,""position_error_mm"":1.6876007786079281,""robot_timestamp_utc"":""2026-09-09T15:35:33.504+00:00"",""extra"":{""point"":""P02"",""phase"":""TOUCH""},""target_x_mm"":146.0,""target_y_mm"":145.0,""target_z_mm"":0.0}"
2026-09-09T15:35:35.106Z,20260909T153149.834Z-379dfceb,70,point_phase_measured,telemetry,225.26423970000178,48,1405,2130,-186,968,,123.486,187.207,343.652,85.078,,-45.00032812500001,7.382781249999994,-12.217140625000013,85.07799999999997,144.16900730620037,144.17065858756314,47.501543106602355,144.16900730620037,-144.17065858756314,47.501543106602355,146.0,145.0,50.0,3.2066537498296572,"{""elapsed_s"":225.26423970000178,""sample_index"":48,""id11_raw"":1405,""id12_raw"":2130,""id13_raw"":-186,""id14_raw"":968,""id11_deg"":123.486,""id12_deg"":187.207,""id13_deg"":343.652,""id14_deg"":85.078,""q1_deg"":-45.00032812500001,""q2_deg"":7.382781249999994,""q3_deg"":-12.217140625000013,""q4_deg"":85.07799999999997,""physical_x_mm"":144.16900730620037,""physical_y_mm"":144.17065858756314,""physical_z_mm"":47.501543106602355,""internal_x_mm"":144.16900730620037,""internal_y_mm"":-144.17065858756314,""internal_z_mm"":47.501543106602355,""position_error_mm"":3.2066537498296572,""robot_timestamp_utc"":""2026-09-09T15:35:35.106+00:00"",""extra"":{""point"":""P02"",""phase"":""RETRACT""},""target_x_mm"":146.0,""target_y_mm"":145.0,""target_z_mm"":50.0}"
2026-09-09T15:35:37.153Z,20260909T153149.834Z-379dfceb,73,point_phase_measured,telemetry,227.31058420000045,49,1584,2269,-262,623,,139.219,199.424,336.973,54.756,,-29.267328125000006,19.599781250000007,-18.896140624999987,54.756,257.76762127710043,144.45922857941403,51.018415158816055,257.76762127710043,-144.45922857941403,51.018415158816055,257.0,145.0,50.0,1.3852240216247313,"{""elapsed_s"":227.31058420000045,""sample_index"":49,""id11_raw"":1584,""id12_raw"":2269,""id13_raw"":-262,""id14_raw"":623,""id11_deg"":139.219,""id12_deg"":199.424,""id13_deg"":336.973,""id14_deg"":54.756,""q1_deg"":-29.267328125000006,""q2_deg"":19.599781250000007,""q3_deg"":-18.896140624999987,""q4_deg"":54.756,""physical_x_mm"":257.76762127710043,""physical_y_mm"":144.45922857941403,""physical_z_mm"":51.018415158816055,""internal_x_mm"":257.76762127710043,""internal_y_mm"":-144.45922857941403,""internal_z_mm"":51.018415158816055,""position_error_mm"":1.3852240216247313,""robot_timestamp_utc"":""2026-09-09T15:35:37.152+00:00"",""extra"":{""point"":""P03"",""phase"":""APPROACH""},""target_x_mm"":257.0,""target_y_mm"":145.0,""target_z_mm"":50.0}"
2026-09-09T15:35:39.497Z,20260909T153149.834Z-379dfceb,76,point_phase_measured,telemetry,229.65489490000255,50,1583,2392,-258,565,,139.131,210.234,337.324,49.658,,-29.355328125,30.40978125000001,-18.545140624999988,49.658000000000015,259.6031695102079,146.01231668124598,3.596685661568131,259.6031695102079,-146.01231668124598,3.596685661568131,257.0,145.0,0.0,4.55383621907231,"{""elapsed_s"":229.65489490000255,""sample_index"":50,""id11_raw"":1583,""id12_raw"":2392,""id13_raw"":-258,""id14_raw"":565,""id11_deg"":139.131,""id12_deg"":210.234,""id13_deg"":337.324,""id14_deg"":49.658,""q1_deg"":-29.355328125,""q2_deg"":30.40978125000001,""q3_deg"":-18.545140624999988,""q4_deg"":49.658000000000015,""physical_x_mm"":259.6031695102079,""physical_y_mm"":146.01231668124598,""physical_z_mm"":3.596685661568131,""internal_x_mm"":259.6031695102079,""internal_y_mm"":-146.01231668124598,""internal_z_mm"":3.596685661568131,""position_error_mm"":4.55383621907231,""robot_timestamp_utc"":""2026-09-09T15:35:39.497+00:00"",""extra"":{""point"":""P03"",""phase"":""TOUCH""},""target_x_mm"":257.0,""target_y_mm"":145.0,""target_z_mm"":0.0}"
2026-09-09T15:35:41.717Z,20260909T153149.834Z-379dfceb,79,point_phase_measured,telemetry,231.8746695000009,51,1582,2276,-259,627,,139.043,200.039,337.236,55.107,,-29.443328124999994,20.214781249999987,-18.63314062500001,55.107,255.7700036296185,144.37392716769708,46.42492749907768,255.7700036296185,-144.37392716769708,46.42492749907768,257.0,145.0,50.0,3.8322319409647503,"{""elapsed_s"":231.8746695000009,""sample_index"":51,""id11_raw"":1582,""id12_raw"":2276,""id13_raw"":-259,""id14_raw"":627,""id11_deg"":139.043,""id12_deg"":200.039,""id13_deg"":337.236,""id14_deg"":55.107,""q1_deg"":-29.443328124999994,""q2_deg"":20.214781249999987,""q3_deg"":-18.63314062500001,""q4_deg"":55.107,""physical_x_mm"":255.7700036296185,""physical_y_mm"":144.37392716769708,""physical_z_mm"":46.42492749907768,""internal_x_mm"":255.7700036296185,""internal_y_mm"":-144.37392716769708,""internal_z_mm"":46.42492749907768,""position_error_mm"":3.8322319409647503,""robot_timestamp_utc"":""2026-09-09T15:35:41.717+00:00"",""extra"":{""point"":""P03"",""phase"":""RETRACT""},""target_x_mm"":257.0,""target_y_mm"":145.0,""target_z_mm"":50.0}"
2026-09-09T15:35:43.751Z,20260909T153149.834Z-379dfceb,82,point_phase_measured,telemetry,233.90882240000064,52,1922,2211,-256,798,,168.926,194.326,337.5,70.137,,0.4396718749999877,14.501781249999993,-18.369140625,70.137,257.68102980943917,-1.977411362154585,51.085496703026394,257.68102980943917,1.977411362154585,51.085496703026394,257.0,0.0,50.0,2.3563234898468357,"{""elapsed_s"":233.90882240000064,""sample_index"":52,""id11_raw"":1922,""id12_raw"":2211,""id13_raw"":-256,""id14_raw"":798,""id11_deg"":168.926,""id12_deg"":194.326,""id13_deg"":337.5,""id14_deg"":70.137,""q1_deg"":0.4396718749999877,""q2_deg"":14.501781249999993,""q3_deg"":-18.369140625,""q4_deg"":70.137,""physical_x_mm"":257.68102980943917,""physical_y_mm"":-1.977411362154585,""physical_z_mm"":51.085496703026394,""internal_x_mm"":257.68102980943917,""internal_y_mm"":1.977411362154585,""internal_z_mm"":51.085496703026394,""position_error_mm"":2.3563234898468357,""robot_timestamp_utc"":""2026-09-09T15:35:43.751+00:00"",""extra"":{""point"":""P04"",""phase"":""APPROACH""},""target_x_mm"":257.0,""target_y_mm"":0.0,""target_z_mm"":50.0}"
2026-09-09T15:35:45.641Z,20260909T153149.834Z-379dfceb,85,point_phase_measured,telemetry,235.79921900000045,53,1919,2341,-243,741,,168.662,205.752,338.643,65.127,,0.17567187500000614,25.92778125000001,-17.226140625000028,65.12700000000001,258.2715247228894,-0.7918765669331895,3.218958829218394,258.2715247228894,0.7918765669331895,3.218958829218394,257.0,0.0,0.0,3.550428081567058,"{""elapsed_s"":235.79921900000045,""sample_index"":53,""id11_raw"":1919,""id12_raw"":2341,""id13_raw"":-243,""id14_raw"":741,""id11_deg"":168.662,""id12_deg"":205.752,""id13_deg"":338.643,""id14_deg"":65.127,""q1_deg"":0.17567187500000614,""q2_deg"":25.92778125000001,""q3_deg"":-17.226140625000028,""q4_deg"":65.12700000000001,""physical_x_mm"":258.2715247228894,""physical_y_mm"":-0.7918765669331895,""physical_z_mm"":3.218958829218394,""internal_x_mm"":258.2715247228894,""internal_y_mm"":0.7918765669331895,""internal_z_mm"":3.218958829218394,""position_error_mm"":3.550428081567058,""robot_timestamp_utc"":""2026-09-09T15:35:45.641+00:00"",""extra"":{""point"":""P04"",""phase"":""TOUCH""},""target_x_mm"":257.0,""target_y_mm"":0.0,""target_z_mm"":0.0}"
2026-09-09T15:35:47.261Z,20260909T153149.834Z-379dfceb,88,point_phase_measured,telemetry,237.4187012000002,54,1918,2214,-245,796,,168.574,194.59,338.467,69.961,,0.08767187500001228,14.765781250000003,-17.402140625000015,69.96100000000001,255.57790188197248,-0.3910761236673994,46.9676305384518,255.57790188197248,0.3910761236673994,46.9676305384518,257.0,0.0,50.0,3.3720273046240674,"{""elapsed_s"":237.4187012000002,""sample_index"":54,""id11_raw"":1918,""id12_raw"":2214,""id13_raw"":-245,""id14_raw"":796,""id11_deg"":168.574,""id12_deg"":194.59,""id13_deg"":338.467,""id14_deg"":69.961,""q1_deg"":0.08767187500001228,""q2_deg"":14.765781250000003,""q3_deg"":-17.402140625000015,""q4_deg"":69.96100000000001,""physical_x_mm"":255.57790188197248,""physical_y_mm"":-0.3910761236673994,""physical_z_mm"":46.9676305384518,""internal_x_mm"":255.57790188197248,""internal_y_mm"":0.3910761236673994,""internal_z_mm"":46.9676305384518,""position_error_mm"":3.3720273046240674,""robot_timestamp_utc"":""2026-09-09T15:35:47.261+00:00"",""extra"":{""point"":""P04"",""phase"":""RETRACT""},""target_x_mm"":257.0,""target_y_mm"":0.0,""target_z_mm"":50.0}"
2026-09-09T15:35:49.284Z,20260909T153149.834Z-379dfceb,91,point_phase_measured,telemetry,239.44157099999939,55,2256,2267,-261,625,,198.281,199.248,337.061,54.932,,29.794671875000006,19.42378124999999,-18.80814062500002,54.932000000000016,255.94676877478864,-146.55049028048987,51.265531465370884,255.94676877478864,146.55049028048987,51.265531465370884,257.0,-145.0,50.0,2.261611375435124,"{""elapsed_s"":239.44157099999939,""sample_index"":55,""id11_raw"":2256,""id12_raw"":2267,""id13_raw"":-261,""id14_raw"":625,""id11_deg"":198.281,""id12_deg"":199.248,""id13_deg"":337.061,""id14_deg"":54.932,""q1_deg"":29.794671875000006,""q2_deg"":19.42378124999999,""q3_deg"":-18.80814062500002,""q4_deg"":54.932000000000016,""physical_x_mm"":255.94676877478864,""physical_y_mm"":-146.55049028048987,""physical_z_mm"":51.265531465370884,""internal_x_mm"":255.94676877478864,""internal_y_mm"":146.55049028048987,""internal_z_mm"":51.265531465370884,""position_error_mm"":2.261611375435124,""robot_timestamp_utc"":""2026-09-09T15:35:49.283+00:00"",""extra"":{""point"":""P05"",""phase"":""APPROACH""},""target_x_mm"":257.0,""target_y_mm"":-145.0,""target_z_mm"":50.0}"
2026-09-09T15:35:51.581Z,20260909T153149.834Z-379dfceb,94,point_phase_measured,telemetry,241.7394690000001,56,2254,2390,-259,565,,198.105,210.059,337.236,49.658,,29.61867187499999,30.234781249999997,-18.63314062500001,49.658000000000015,259.34923098114314,-147.44268274856043,4.77882829718709,259.34923098114314,147.44268274856043,4.77882829718709,257.0,-145.0,0.0,5.858565106480728,"{""elapsed_s"":241.7394690000001,""sample_index"":56,""id11_raw"":2254,""id12_raw"":2390,""id13_raw"":-259,""id14_raw"":565,""id11_deg"":198.105,""id12_deg"":210.059,""id13_deg"":337.236,""id14_deg"":49.658,""q1_deg"":29.61867187499999,""q2_deg"":30.234781249999997,""q3_deg"":-18.63314062500001,""q4_deg"":49.658000000000015,""physical_x_mm"":259.34923098114314,""physical_y_mm"":-147.44268274856043,""physical_z_mm"":4.77882829718709,""internal_x_mm"":259.34923098114314,""internal_y_mm"":147.44268274856043,""internal_z_mm"":4.77882829718709,""position_error_mm"":5.858565106480728,""robot_timestamp_utc"":""2026-09-09T15:35:51.581+00:00"",""extra"":{""point"":""P05"",""phase"":""TOUCH""},""target_x_mm"":257.0,""target_y_mm"":-145.0,""target_z_mm"":0.0}"
2026-09-09T15:36:55.229Z,20260909T153149.834Z-379dfceb,101,point_phase_measured,telemetry,305.3869900999998,57,1400,2130,-192,970,,123.047,187.207,343.125,85.254,,-45.439328125,7.382781249999994,-12.744140625,85.25400000000002,143.69062259451303,145.9112528667551,48.812645565790206,143.69062259451303,-145.9112528667551,48.812645565790206,146.0,145.0,50.0,2.751984073460594,"{""elapsed_s"":305.3869900999998,""sample_index"":57,""id11_raw"":1400,""id12_raw"":2130,""id13_raw"":-192,""id14_raw"":970,""id11_deg"":123.047,""id12_deg"":187.207,""id13_deg"":343.125,""id14_deg"":85.254,""q1_deg"":-45.439328125,""q2_deg"":7.382781249999994,""q3_deg"":-12.744140625,""q4_deg"":85.25400000000002,""physical_x_mm"":143.69062259451303,""physical_y_mm"":145.9112528667551,""physical_z_mm"":48.812645565790206,""internal_x_mm"":143.69062259451303,""internal_y_mm"":-145.9112528667551,""internal_z_mm"":48.812645565790206,""position_error_mm"":2.751984073460594,""robot_timestamp_utc"":""2026-09-09T15:36:55.229+00:00"",""extra"":{""point"":""P02"",""phase"":""APPROACH""},""target_x_mm"":146.0,""target_y_mm"":145.0,""target_z_mm"":50.0}"
2026-09-09T15:36:57.085Z,20260909T153149.834Z-379dfceb,104,point_phase_measured,telemetry,307.2428209000027,58,1404,2248,-120,853,,123.398,197.578,349.453,74.971,,-45.088328125000004,17.753781250000003,-6.4161406250000255,74.971,145.53527529747524,145.98468766861737,1.3524068643015141,145.53527529747524,-145.98468766861737,1.3524068643015141,146.0,145.0,0.0,1.7362555055272515,"{""elapsed_s"":307.2428209000027,""sample_index"":58,""id11_raw"":1404,""id12_raw"":2248,""id13_raw"":-120,""id14_raw"":853,""id11_deg"":123.398,""id12_deg"":197.578,""id13_deg"":349.453,""id14_deg"":74.971,""q1_deg"":-45.088328125000004,""q2_deg"":17.753781250000003,""q3_deg"":-6.4161406250000255,""q4_deg"":74.971,""physical_x_mm"":145.53527529747524,""physical_y_mm"":145.98468766861737,""physical_z_mm"":1.3524068643015141,""internal_x_mm"":145.53527529747524,""internal_y_mm"":-145.98468766861737,""internal_z_mm"":1.3524068643015141,""position_error_mm"":1.7362555055272515,""robot_timestamp_utc"":""2026-09-09T15:36:57.085+00:00"",""extra"":{""point"":""P02"",""phase"":""TOUCH""},""target_x_mm"":146.0,""target_y_mm"":145.0,""target_z_mm"":0.0}"
2026-09-09T15:36:58.686Z,20260909T153149.834Z-379dfceb,107,point_phase_measured,telemetry,308.84401450000223,59,1404,2130,-186,968,,123.398,187.207,343.652,85.078,,-45.088328125000004,7.382781249999994,-12.217140625000013,85.07799999999997,143.9474071134385,144.39191615372707,47.501543106602355,143.9474071134385,-144.39191615372707,47.501543106602355,146.0,145.0,50.0,3.290165705587975,"{""elapsed_s"":308.84401450000223,""sample_index"":59,""id11_raw"":1404,""id12_raw"":2130,""id13_raw"":-186,""id14_raw"":968,""id11_deg"":123.398,""id12_deg"":187.207,""id13_deg"":343.652,""id14_deg"":85.078,""q1_deg"":-45.088328125000004,""q2_deg"":7.382781249999994,""q3_deg"":-12.217140625000013,""q4_deg"":85.07799999999997,""physical_x_mm"":143.9474071134385,""physical_y_mm"":144.39191615372707,""physical_z_mm"":47.501543106602355,""internal_x_mm"":143.9474071134385,""internal_y_mm"":-144.39191615372707,""internal_z_mm"":47.501543106602355,""position_error_mm"":3.290165705587975,""robot_timestamp_utc"":""2026-09-09T15:36:58.686+00:00"",""extra"":{""point"":""P02"",""phase"":""RETRACT""},""target_x_mm"":146.0,""target_y_mm"":145.0,""target_z_mm"":50.0}"
2026-09-09T15:37:00.732Z,20260909T153149.834Z-379dfceb,110,point_phase_measured,telemetry,310.8896633000004,60,1585,2269,-261,623,,139.307,199.424,337.061,54.756,,-29.179328125000012,19.599781250000007,-18.80814062500002,54.756,257.8038914387586,143.95968321786864,50.68384575622687,257.8038914387586,-143.95968321786864,50.68384575622687,257.0,145.0,50.0,1.4819397662533578,"{""elapsed_s"":310.8896633000004,""sample_index"":60,""id11_raw"":1585,""id12_raw"":2269,""id13_raw"":-261,""id14_raw"":623,""id11_deg"":139.307,""id12_deg"":199.424,""id13_deg"":337.061,""id14_deg"":54.756,""q1_deg"":-29.179328125000012,""q2_deg"":19.599781250000007,""q3_deg"":-18.80814062500002,""q4_deg"":54.756,""physical_x_mm"":257.8038914387586,""physical_y_mm"":143.95968321786864,""physical_z_mm"":50.68384575622687,""internal_x_mm"":257.8038914387586,""internal_y_mm"":-143.95968321786864,""internal_z_mm"":50.68384575622687,""position_error_mm"":1.4819397662533578,""robot_timestamp_utc"":""2026-09-09T15:37:00.732+00:00"",""extra"":{""point"":""P03"",""phase"":""APPROACH""},""target_x_mm"":257.0,""target_y_mm"":145.0,""target_z_mm"":50.0}"
2026-09-09T15:37:03.038Z,20260909T153149.834Z-379dfceb,113,point_phase_measured,telemetry,313.19570170000225,61,1583,2392,-259,565,,139.131,210.234,337.236,49.658,,-29.355328125,30.40978125000001,-18.63314062500001,49.658000000000015,259.8320720001785,146.1410615764557,3.904616012546427,259.8320720001785,-146.1410615764557,3.904616012546427,257.0,145.0,0.0,4.956680294399948,"{""elapsed_s"":313.19570170000225,""sample_index"":61,""id11_raw"":1583,""id12_raw"":2392,""id13_raw"":-259,""id14_raw"":565,""id11_deg"":139.131,""id12_deg"":210.234,""id13_deg"":337.236,""id14_deg"":49.658,""q1_deg"":-29.355328125,""q2_deg"":30.40978125000001,""q3_deg"":-18.63314062500001,""q4_deg"":49.658000000000015,""physical_x_mm"":259.8320720001785,""physical_y_mm"":146.1410615764557,""physical_z_mm"":3.904616012546427,""internal_x_mm"":259.8320720001785,""internal_y_mm"":-146.1410615764557,""internal_z_mm"":3.904616012546427,""position_error_mm"":4.956680294399948,""robot_timestamp_utc"":""2026-09-09T15:37:03.038+00:00"",""extra"":{""point"":""P03"",""phase"":""TOUCH""},""target_x_mm"":257.0,""target_y_mm"":145.0,""target_z_mm"":0.0}"
2026-09-09T15:37:06.300Z,20260909T153149.834Z-379dfceb,116,point_phase_measured,telemetry,316.45776780000233,62,1582,2265,-262,627,,139.043,199.072,336.973,55.107,,-29.443328124999994,19.247781250000003,-18.896140624999987,55.107,256.72771103214615,144.9145221429418,52.18238684032454,256.72771103214615,-144.9145221429418,52.18238684032454,257.0,145.0,50.0,2.200967984066081,"{""elapsed_s"":316.45776780000233,""sample_index"":62,""id11_raw"":1582,""id12_raw"":2265,""id13_raw"":-262,""id14_raw"":627,""id11_deg"":139.043,""id12_deg"":199.072,""id13_deg"":336.973,""id14_deg"":55.107,""q1_deg"":-29.443328124999994,""q2_deg"":19.247781250000003,""q3_deg"":-18.896140624999987,""q4_deg"":55.107,""physical_x_mm"":256.72771103214615,""physical_y_mm"":144.9145221429418,""physical_z_mm"":52.18238684032454,""internal_x_mm"":256.72771103214615,""internal_y_mm"":-144.9145221429418,""internal_z_mm"":52.18238684032454,""position_error_mm"":2.200967984066081,""robot_timestamp_utc"":""2026-09-09T15:37:06.300+00:00"",""extra"":{""point"":""P03"",""phase"":""RETRACT""},""target_x_mm"":257.0,""target_y_mm"":145.0,""target_z_mm"":50.0}"
2026-09-09T15:37:08.328Z,20260909T153149.834Z-379dfceb,119,point_phase_measured,telemetry,318.4858879000021,63,1922,2207,-257,798,,168.926,193.975,337.412,70.137,,0.4396718749999877,14.150781249999994,-18.457140625000022,70.137,258.0502121691577,-1.9802444205033287,52.8850238185114,258.0502121691577,1.9802444205033287,52.8850238185114,257.0,0.0,50.0,3.6534471391494896,"{""elapsed_s"":318.4858879000021,""sample_index"":63,""id11_raw"":1922,""id12_raw"":2207,""id13_raw"":-257,""id14_raw"":798,""id11_deg"":168.926,""id12_deg"":193.975,""id13_deg"":337.412,""id14_deg"":70.137,""q1_deg"":0.4396718749999877,""q2_deg"":14.150781249999994,""q3_deg"":-18.457140625000022,""q4_deg"":70.137,""physical_x_mm"":258.0502121691577,""physical_y_mm"":-1.9802444205033287,""physical_z_mm"":52.8850238185114,""internal_x_mm"":258.0502121691577,""internal_y_mm"":1.9802444205033287,""internal_z_mm"":52.8850238185114,""position_error_mm"":3.6534471391494896,""robot_timestamp_utc"":""2026-09-09T15:37:08.328+00:00"",""extra"":{""point"":""P04"",""phase"":""APPROACH""},""target_x_mm"":257.0,""target_y_mm"":0.0,""target_z_mm"":50.0}"
2026-09-09T15:37:10.327Z,20260909T153149.834Z-379dfceb,122,point_phase_measured,telemetry,320.48475099999996,64,1919,2340,-243,741,,168.662,205.664,338.643,65.127,,0.17567187500000614,25.839781249999987,-17.226140625000028,65.12700000000001,258.3837852769932,-0.7922207647780007,3.5972928869433645,258.3837852769932,0.7922207647780007,3.5972928869433645,257.0,0.0,0.0,3.9348432684697743,"{""elapsed_s"":320.48475099999996,""sample_index"":64,""id11_raw"":1919,""id12_raw"":2340,""id13_raw"":-243,""id14_raw"":741,""id11_deg"":168.662,""id12_deg"":205.664,""id13_deg"":338.643,""id14_deg"":65.127,""q1_deg"":0.17567187500000614,""q2_deg"":25.839781249999987,""q3_deg"":-17.226140625000028,""q4_deg"":65.12700000000001,""physical_x_mm"":258.3837852769932,""physical_y_mm"":-0.7922207647780007,""physical_z_mm"":3.5972928869433645,""internal_x_mm"":258.3837852769932,""internal_y_mm"":0.7922207647780007,""internal_z_mm"":3.5972928869433645,""position_error_mm"":3.9348432684697743,""robot_timestamp_utc"":""2026-09-09T15:37:10.327+00:00"",""extra"":{""point"":""P04"",""phase"":""TOUCH""},""target_x_mm"":257.0,""target_y_mm"":0.0,""target_z_mm"":0.0}"
2026-09-09T15:37:11.958Z,20260909T153149.834Z-379dfceb,125,point_phase_measured,telemetry,322.11558270000023,65,1918,2213,-245,796,,168.574,194.502,338.467,69.961,,0.08767187500001228,14.67778125000001,-17.402140625000015,69.96100000000001,255.62297297944914,-0.3911450898415515,47.34177448452445,255.62297297944914,0.3911450898415515,47.34177448452445,257.0,0.0,50.0,3.019165578062849,"{""elapsed_s"":322.11558270000023,""sample_index"":65,""id11_raw"":1918,""id12_raw"":2213,""id13_raw"":-245,""id14_raw"":796,""id11_deg"":168.574,""id12_deg"":194.502,""id13_deg"":338.467,""id14_deg"":69.961,""q1_deg"":0.08767187500001228,""q2_deg"":14.67778125000001,""q3_deg"":-17.402140625000015,""q4_deg"":69.96100000000001,""physical_x_mm"":255.62297297944914,""physical_y_mm"":-0.3911450898415515,""physical_z_mm"":47.34177448452445,""internal_x_mm"":255.62297297944914,""internal_y_mm"":0.3911450898415515,""internal_z_mm"":47.34177448452445,""position_error_mm"":3.019165578062849,""robot_timestamp_utc"":""2026-09-09T15:37:11.957+00:00"",""extra"":{""point"":""P04"",""phase"":""RETRACT""},""target_x_mm"":257.0,""target_y_mm"":0.0,""target_z_mm"":50.0}"
2026-09-09T15:37:13.986Z,20260909T153149.834Z-379dfceb,128,point_phase_measured,telemetry,324.14410150000185,66,2256,2266,-262,625,,198.281,199.16,336.973,54.932,,29.794671875000006,19.335781249999997,-18.896140624999987,54.932000000000016,256.1633366667038,-146.67449313815868,52.035016593115245,256.1633366667038,146.67449313815868,52.035016593115245,257.0,-145.0,50.0,2.7650000609904506,"{""elapsed_s"":324.14410150000185,""sample_index"":66,""id11_raw"":2256,""id12_raw"":2266,""id13_raw"":-262,""id14_raw"":625,""id11_deg"":198.281,""id12_deg"":199.16,""id13_deg"":336.973,""id14_deg"":54.932,""q1_deg"":29.794671875000006,""q2_deg"":19.335781249999997,""q3_deg"":-18.896140624999987,""q4_deg"":54.932000000000016,""physical_x_mm"":256.1633366667038,""physical_y_mm"":-146.67449313815868,""physical_z_mm"":52.035016593115245,""internal_x_mm"":256.1633366667038,""internal_y_mm"":146.67449313815868,""internal_z_mm"":52.035016593115245,""position_error_mm"":2.7650000609904506,""robot_timestamp_utc"":""2026-09-09T15:37:13.986+00:00"",""extra"":{""point"":""P05"",""phase"":""APPROACH""},""target_x_mm"":257.0,""target_y_mm"":-145.0,""target_z_mm"":50.0}"
2026-09-09T15:37:16.278Z,20260909T153149.834Z-379dfceb,131,point_phase_measured,telemetry,326.43655020000006,67,2254,2390,-259,566,,198.105,210.059,337.236,49.746,,29.61867187499999,30.234781249999997,-18.63314062500001,49.74600000000001,259.1551619652987,-147.33235253386798,4.656627087829008,259.1551619652987,147.33235253386798,4.656627087829008,257.0,-145.0,0.0,5.636378915049396,"{""elapsed_s"":326.43655020000006,""sample_index"":67,""id11_raw"":2254,""id12_raw"":2390,""id13_raw"":-259,""id14_raw"":566,""id11_deg"":198.105,""id12_deg"":210.059,""id13_deg"":337.236,""id14_deg"":49.746,""q1_deg"":29.61867187499999,""q2_deg"":30.234781249999997,""q3_deg"":-18.63314062500001,""q4_deg"":49.74600000000001,""physical_x_mm"":259.1551619652987,""physical_y_mm"":-147.33235253386798,""physical_z_mm"":4.656627087829008,""internal_x_mm"":259.1551619652987,""internal_y_mm"":147.33235253386798,""internal_z_mm"":4.656627087829008,""position_error_mm"":5.636378915049396,""robot_timestamp_utc"":""2026-09-09T15:37:16.278+00:00"",""extra"":{""point"":""P05"",""phase"":""TOUCH""},""target_x_mm"":257.0,""target_y_mm"":-145.0,""target_z_mm"":0.0}"
2026-09-09T15:37:49.197Z,20260909T153149.834Z-379dfceb,136,point_phase_measured,telemetry,359.35539770000105,68,2428,2130,-192,971,,213.398,187.207,343.125,85.342,,44.911671874999996,7.382781249999994,-12.744140625,85.34199999999998,144.8507956540131,-144.40487395786596,48.768175514378584,144.8507956540131,144.40487395786596,48.768175514378584,146.0,-145.0,50.0,1.7866832954493583,"{""elapsed_s"":359.35539770000105,""sample_index"":68,""id11_raw"":2428,""id12_raw"":2130,""id13_raw"":-192,""id14_raw"":971,""id11_deg"":213.398,""id12_deg"":187.207,""id13_deg"":343.125,""id14_deg"":85.342,""q1_deg"":44.911671874999996,""q2_deg"":7.382781249999994,""q3_deg"":-12.744140625,""q4_deg"":85.34199999999998,""physical_x_mm"":144.8507956540131,""physical_y_mm"":-144.40487395786596,""physical_z_mm"":48.768175514378584,""internal_x_mm"":144.8507956540131,""internal_y_mm"":144.40487395786596,""internal_z_mm"":48.768175514378584,""position_error_mm"":1.7866832954493583,""robot_timestamp_utc"":""2026-09-09T15:37:49.197+00:00"",""extra"":{""point"":""P06"",""phase"":""APPROACH""},""target_x_mm"":146.0,""target_y_mm"":-145.0,""target_z_mm"":50.0}"
2026-09-09T15:37:51.056Z,20260909T153149.834Z-379dfceb,139,point_phase_measured,telemetry,361.21404059999986,69,2428,2250,-120,854,,213.398,197.754,349.453,75.059,,44.911671874999996,17.92978124999999,-6.4161406250000255,75.059,145.64065854500762,-145.1923052640115,0.7410097144745293,145.64065854500762,145.1923052640115,0.7410097144745293,146.0,-145.0,0.0,0.8456967498980924,"{""elapsed_s"":361.21404059999986,""sample_index"":69,""id11_raw"":2428,""id12_raw"":2250,""id13_raw"":-120,""id14_raw"":854,""id11_deg"":213.398,""id12_deg"":197.754,""id13_deg"":349.453,""id14_deg"":75.059,""q1_deg"":44.911671874999996,""q2_deg"":17.92978124999999,""q3_deg"":-6.4161406250000255,""q4_deg"":75.059,""physical_x_mm"":145.64065854500762,""physical_y_mm"":-145.1923052640115,""physical_z_mm"":0.7410097144745293,""internal_x_mm"":145.64065854500762,""internal_y_mm"":145.1923052640115,""internal_z_mm"":0.7410097144745293,""position_error_mm"":0.8456967498980924,""robot_timestamp_utc"":""2026-09-09T15:37:51.056+00:00"",""extra"":{""point"":""P06"",""phase"":""TOUCH""},""target_x_mm"":146.0,""target_y_mm"":-145.0,""target_z_mm"":0.0}"
2026-09-09T15:37:52.677Z,20260909T153149.834Z-379dfceb,142,point_phase_measured,telemetry,362.83541270000205,70,2428,2130,-186,968,,213.398,187.207,343.652,85.078,,44.911671874999996,7.382781249999994,-12.217140625000013,85.07799999999997,144.3919161537271,-143.9474071134385,47.501543106602355,144.3919161537271,143.9474071134385,47.501543106602355,146.0,-145.0,50.0,3.1521694576354817,"{""elapsed_s"":362.83541270000205,""sample_index"":70,""id11_raw"":2428,""id12_raw"":2130,""id13_raw"":-186,""id14_raw"":968,""id11_deg"":213.398,""id12_deg"":187.207,""id13_deg"":343.652,""id14_deg"":85.078,""q1_deg"":44.911671874999996,""q2_deg"":7.382781249999994,""q3_deg"":-12.217140625000013,""q4_deg"":85.07799999999997,""physical_x_mm"":144.3919161537271,""physical_y_mm"":-143.9474071134385,""physical_z_mm"":47.501543106602355,""internal_x_mm"":144.3919161537271,""internal_y_mm"":143.9474071134385,""internal_z_mm"":47.501543106602355,""position_error_mm"":3.1521694576354817,""robot_timestamp_utc"":""2026-09-09T15:37:52.677+00:00"",""extra"":{""point"":""P06"",""phase"":""RETRACT""},""target_x_mm"":146.0,""target_y_mm"":-145.0,""target_z_mm"":50.0}"
2026-09-09T15:38:01.788Z,20260909T153149.834Z-379dfceb,147,point_phase_measured,telemetry,371.94615429999976,71,1575,2269,-264,623,,138.428,199.424,336.797,54.756,,-30.058328125000003,19.599781250000007,-19.072140624999975,54.756,256.1148255512815,148.2158073196884,51.688529883684396,256.1148255512815,-148.2158073196884,51.688529883684396,257.0,145.0,50.0,3.738460069349514,"{""elapsed_s"":371.94615429999976,""sample_index"":71,""id11_raw"":1575,""id12_raw"":2269,""id13_raw"":-264,""id14_raw"":623,""id11_deg"":138.428,""id12_deg"":199.424,""id13_deg"":336.797,""id14_deg"":54.756,""q1_deg"":-30.058328125000003,""q2_deg"":19.599781250000007,""q3_deg"":-19.072140624999975,""q4_deg"":54.756,""physical_x_mm"":256.1148255512815,""physical_y_mm"":148.2158073196884,""physical_z_mm"":51.688529883684396,""internal_x_mm"":256.1148255512815,""internal_y_mm"":-148.2158073196884,""internal_z_mm"":51.688529883684396,""position_error_mm"":3.738460069349514,""robot_timestamp_utc"":""2026-09-09T15:38:01.788+00:00"",""extra"":{""point"":""P03"",""phase"":""APPROACH""},""target_x_mm"":257.0,""target_y_mm"":145.0,""target_z_mm"":50.0}"
2026-09-09T15:38:04.339Z,20260909T153149.834Z-379dfceb,150,point_phase_measured,telemetry,374.4974089000025,72,1580,2392,-259,565,,138.867,210.234,337.236,49.658,,-29.61932812500001,30.40978125000001,-18.63314062500001,49.658000000000015,259.15594651832566,147.33672625245242,3.904616012546427,259.15594651832566,-147.33672625245242,3.904616012546427,257.0,145.0,0.0,5.03531738564858,"{""elapsed_s"":374.4974089000025,""sample_index"":72,""id11_raw"":1580,""id12_raw"":2392,""id13_raw"":-259,""id14_raw"":565,""id11_deg"":138.867,""id12_deg"":210.234,""id13_deg"":337.236,""id14_deg"":49.658,""q1_deg"":-29.61932812500001,""q2_deg"":30.40978125000001,""q3_deg"":-18.63314062500001,""q4_deg"":49.658000000000015,""physical_x_mm"":259.15594651832566,""physical_y_mm"":147.33672625245242,""physical_z_mm"":3.904616012546427,""internal_x_mm"":259.15594651832566,""internal_y_mm"":-147.33672625245242,""internal_z_mm"":3.904616012546427,""position_error_mm"":5.03531738564858,""robot_timestamp_utc"":""2026-09-09T15:38:04.339+00:00"",""extra"":{""point"":""P03"",""phase"":""TOUCH""},""target_x_mm"":257.0,""target_y_mm"":145.0,""target_z_mm"":0.0}"
2026-09-09T15:38:08.353Z,20260909T153149.834Z-379dfceb,155,point_phase_measured,telemetry,378.5106476000001,73,1405,2130,-193,972,,123.486,187.207,343.037,85.43,,-45.00032812500001,7.382781249999994,-12.832140625000022,85.43,144.61449248626715,144.61614887012308,48.957778921102744,144.61449248626715,-144.61614887012308,48.957778921102744,146.0,145.0,50.0,1.7757245106760569,"{""elapsed_s"":378.5106476000001,""sample_index"":73,""id11_raw"":1405,""id12_raw"":2130,""id13_raw"":-193,""id14_raw"":972,""id11_deg"":123.486,""id12_deg"":187.207,""id13_deg"":343.037,""id14_deg"":85.43,""q1_deg"":-45.00032812500001,""q2_deg"":7.382781249999994,""q3_deg"":-12.832140625000022,""q4_deg"":85.43,""physical_x_mm"":144.61449248626715,""physical_y_mm"":144.61614887012308,""physical_z_mm"":48.957778921102744,""internal_x_mm"":144.61449248626715,""internal_y_mm"":-144.61614887012308,""internal_z_mm"":48.957778921102744,""position_error_mm"":1.7757245106760569,""robot_timestamp_utc"":""2026-09-09T15:38:08.352+00:00"",""extra"":{""point"":""P02"",""phase"":""APPROACH""},""target_x_mm"":146.0,""target_y_mm"":145.0,""target_z_mm"":50.0}"
2026-09-09T15:38:10.213Z,20260909T153149.834Z-379dfceb,158,point_phase_measured,telemetry,380.3706886,74,1406,2249,-120,854,,123.574,197.666,349.453,75.059,,-44.91232812499999,17.841781249999997,-6.4161406250000255,75.059,145.72123670329725,145.275963242193,1.0385243174022207,145.72123670329725,-145.275963242193,1.0385243174022207,146.0,145.0,0.0,1.1101339759083164,"{""elapsed_s"":380.3706886,""sample_index"":74,""id11_raw"":1406,""id12_raw"":2249,""id13_raw"":-120,""id14_raw"":854,""id11_deg"":123.574,""id12_deg"":197.666,""id13_deg"":349.453,""id14_deg"":75.059,""q1_deg"":-44.91232812499999,""q2_deg"":17.841781249999997,""q3_deg"":-6.4161406250000255,""q4_deg"":75.059,""physical_x_mm"":145.72123670329725,""physical_y_mm"":145.275963242193,""physical_z_mm"":1.0385243174022207,""internal_x_mm"":145.72123670329725,""internal_y_mm"":-145.275963242193,""internal_z_mm"":1.0385243174022207,""position_error_mm"":1.1101339759083164,""robot_timestamp_utc"":""2026-09-09T15:38:10.213+00:00"",""extra"":{""point"":""P02"",""phase"":""TOUCH""},""target_x_mm"":146.0,""target_y_mm"":145.0,""target_z_mm"":0.0}"
2026-09-09T15:38:11.815Z,20260909T153149.834Z-379dfceb,161,point_phase_measured,telemetry,381.9732255000017,75,1407,2130,-186,968,,123.662,187.207,343.652,85.078,,-44.824328124999994,7.382781249999994,-12.217140625000013,85.07799999999997,144.61118690438556,143.72712370089303,47.501543106602355,144.61118690438556,-143.72712370089303,47.501543106602355,146.0,145.0,50.0,3.1291057405502647,"{""elapsed_s"":381.9732255000017,""sample_index"":75,""id11_raw"":1407,""id12_raw"":2130,""id13_raw"":-186,""id14_raw"":968,""id11_deg"":123.662,""id12_deg"":187.207,""id13_deg"":343.652,""id14_deg"":85.078,""q1_deg"":-44.824328124999994,""q2_deg"":7.382781249999994,""q3_deg"":-12.217140625000013,""q4_deg"":85.07799999999997,""physical_x_mm"":144.61118690438556,""physical_y_mm"":143.72712370089303,""physical_z_mm"":47.501543106602355,""internal_x_mm"":144.61118690438556,""internal_y_mm"":-143.72712370089303,""internal_z_mm"":47.501543106602355,""position_error_mm"":3.1291057405502647,""robot_timestamp_utc"":""2026-09-09T15:38:11.815+00:00"",""extra"":{""point"":""P02"",""phase"":""RETRACT""},""target_x_mm"":146.0,""target_y_mm"":145.0,""target_z_mm"":50.0}"
2026-09-09T15:39:09.413Z,20260909T153149.834Z-379dfceb,166,analysis_reference,telemetry,439.5709293,76,1407,2127,-193,967,,123.662,186.943,343.037,84.99,,-44.824328124999994,7.118781250000012,-12.832140625000022,84.99000000000001,146.03401121928175,145.14124974943263,50.07708726469261,146.03401121928175,-145.14124974943263,50.07708726469261,,,,,"{""elapsed_s"":439.5709293,""sample_index"":76,""id11_raw"":1407,""id12_raw"":2127,""id13_raw"":-193,""id14_raw"":967,""id11_deg"":123.662,""id12_deg"":186.943,""id13_deg"":343.037,""id14_deg"":84.99,""q1_deg"":-44.824328124999994,""q2_deg"":7.118781250000012,""q3_deg"":-12.832140625000022,""q4_deg"":84.99000000000001,""physical_x_mm"":146.03401121928175,""physical_y_mm"":145.14124974943263,""physical_z_mm"":50.07708726469261,""internal_x_mm"":146.03401121928175,""internal_y_mm"":-145.14124974943263,""internal_z_mm"":50.07708726469261,""position_error_mm"":null,""robot_timestamp_utc"":""2026-09-09T15:39:09.412+00:00"",""extra"":null}"
2026-09-09T15:41:29.452Z,20260909T153149.834Z-379dfceb,170,point_phase_measured,telemetry,579.6105404000009,77,2437,2126,-192,967,,214.189,186.855,343.125,84.99,,45.70267187499999,7.03078124999999,-12.744140625,84.99000000000001,143.6588435287855,-147.2264211775489,50.13788138427631,143.6588435287855,147.2264211775489,50.13788138427631,146.0,-145.0,50.0,3.2337248118350654,"{""elapsed_s"":579.6105404000009,""sample_index"":77,""id11_raw"":2437,""id12_raw"":2126,""id13_raw"":-192,""id14_raw"":967,""id11_deg"":214.189,""id12_deg"":186.855,""id13_deg"":343.125,""id14_deg"":84.99,""q1_deg"":45.70267187499999,""q2_deg"":7.03078124999999,""q3_deg"":-12.744140625,""q4_deg"":84.99000000000001,""physical_x_mm"":143.6588435287855,""physical_y_mm"":-147.2264211775489,""physical_z_mm"":50.13788138427631,""internal_x_mm"":143.6588435287855,""internal_y_mm"":147.2264211775489,""internal_z_mm"":50.13788138427631,""position_error_mm"":3.2337248118350654,""robot_timestamp_utc"":""2026-09-09T15:41:29.452+00:00"",""extra"":{""point"":""P06"",""phase"":""APPROACH""},""target_x_mm"":146.0,""target_y_mm"":-145.0,""target_z_mm"":50.0}"
2026-09-09T15:41:31.331Z,20260909T153149.834Z-379dfceb,173,point_phase_measured,telemetry,581.4892603000008,78,2431,2254,-120,852,,213.662,198.105,349.453,74.883,,45.175671875000006,18.28078124999999,-6.4161406250000255,74.88299999999998,144.99865197423384,-145.89053632748377,-0.4157862423097072,144.99865197423384,145.89053632748377,-0.4157862423097072,146.0,-145.0,0.0,1.403079120565944,"{""elapsed_s"":581.4892603000008,""sample_index"":78,""id11_raw"":2431,""id12_raw"":2254,""id13_raw"":-120,""id14_raw"":852,""id11_deg"":213.662,""id12_deg"":198.105,""id13_deg"":349.453,""id14_deg"":74.883,""q1_deg"":45.175671875000006,""q2_deg"":18.28078124999999,""q3_deg"":-6.4161406250000255,""q4_deg"":74.88299999999998,""physical_x_mm"":144.99865197423384,""physical_y_mm"":-145.89053632748377,""physical_z_mm"":-0.4157862423097072,""internal_x_mm"":144.99865197423384,""internal_y_mm"":145.89053632748377,""internal_z_mm"":-0.4157862423097072,""position_error_mm"":1.403079120565944,""robot_timestamp_utc"":""2026-09-09T15:41:31.331+00:00"",""extra"":{""point"":""P06"",""phase"":""TOUCH""},""target_x_mm"":146.0,""target_y_mm"":-145.0,""target_z_mm"":0.0}"
2026-09-09T15:41:32.975Z,20260909T153149.834Z-379dfceb,176,point_phase_measured,telemetry,583.1329766000017,79,2430,2132,-187,967,,213.574,187.383,343.564,84.99,,45.08767187500001,7.55878125000001,-12.305140624999979,84.99000000000001,144.22876576484035,-144.67082954669146,47.187538705743805,144.22876576484035,144.67082954669146,47.187538705743805,146.0,-145.0,50.0,3.3399943764656523,"{""elapsed_s"":583.1329766000017,""sample_index"":79,""id11_raw"":2430,""id12_raw"":2132,""id13_raw"":-187,""id14_raw"":967,""id11_deg"":213.574,""id12_deg"":187.383,""id13_deg"":343.564,""id14_deg"":84.99,""q1_deg"":45.08767187500001,""q2_deg"":7.55878125000001,""q3_deg"":-12.305140624999979,""q4_deg"":84.99000000000001,""physical_x_mm"":144.22876576484035,""physical_y_mm"":-144.67082954669146,""physical_z_mm"":47.187538705743805,""internal_x_mm"":144.22876576484035,""internal_y_mm"":144.67082954669146,""internal_z_mm"":47.187538705743805,""position_error_mm"":3.3399943764656523,""robot_timestamp_utc"":""2026-09-09T15:41:32.975+00:00"",""extra"":{""point"":""P06"",""phase"":""RETRACT""},""target_x_mm"":146.0,""target_y_mm"":-145.0,""target_z_mm"":50.0}"
2026-09-09T15:41:39.741Z,20260909T153149.834Z-379dfceb,181,point_phase_measured,telemetry,589.8992878000026,80,2250,2266,-263,623,,197.754,199.16,336.885,54.756,,29.26767187499999,19.335781249999997,-18.98414062500001,54.756,258.04989461240496,-144.6194558474885,52.66076267128511,258.04989461240496,144.6194558474885,52.66076267128511,257.0,-145.0,50.0,2.885610947801512,"{""elapsed_s"":589.8992878000026,""sample_index"":80,""id11_raw"":2250,""id12_raw"":2266,""id13_raw"":-263,""id14_raw"":623,""id11_deg"":197.754,""id12_deg"":199.16,""id13_deg"":336.885,""id14_deg"":54.756,""q1_deg"":29.26767187499999,""q2_deg"":19.335781249999997,""q3_deg"":-18.98414062500001,""q4_deg"":54.756,""physical_x_mm"":258.04989461240496,""physical_y_mm"":-144.6194558474885,""physical_z_mm"":52.66076267128511,""internal_x_mm"":258.04989461240496,""internal_y_mm"":144.6194558474885,""internal_z_mm"":52.66076267128511,""position_error_mm"":2.885610947801512,""robot_timestamp_utc"":""2026-09-09T15:41:39.741+00:00"",""extra"":{""point"":""P05"",""phase"":""APPROACH""},""target_x_mm"":257.0,""target_y_mm"":-145.0,""target_z_mm"":50.0}"
2026-09-09T15:41:42.341Z,20260909T153149.834Z-379dfceb,184,point_phase_measured,telemetry,592.4988264000021,81,2251,2391,-259,565,,197.842,210.146,337.236,49.658,,29.355671875000013,30.321781249999987,-18.63314062500001,49.658000000000015,259.9280824007274,-146.19711486417734,4.344135763141935,259.9280824007274,146.19711486417734,4.344135763141935,257.0,-145.0,0.0,5.373850209309219,"{""elapsed_s"":592.4988264000021,""sample_index"":81,""id11_raw"":2251,""id12_raw"":2391,""id13_raw"":-259,""id14_raw"":565,""id11_deg"":197.842,""id12_deg"":210.146,""id13_deg"":337.236,""id14_deg"":49.658,""q1_deg"":29.355671875000013,""q2_deg"":30.321781249999987,""q3_deg"":-18.63314062500001,""q4_deg"":49.658000000000015,""physical_x_mm"":259.9280824007274,""physical_y_mm"":-146.19711486417734,""physical_z_mm"":4.344135763141935,""internal_x_mm"":259.9280824007274,""internal_y_mm"":146.19711486417734,""internal_z_mm"":4.344135763141935,""position_error_mm"":5.373850209309219,""robot_timestamp_utc"":""2026-09-09T15:41:42.341+00:00"",""extra"":{""point"":""P05"",""phase"":""TOUCH""},""target_x_mm"":257.0,""target_y_mm"":-145.0,""target_z_mm"":0.0}"
2026-09-09T15:41:48.782Z,20260909T153149.834Z-379dfceb,189,point_phase_measured,telemetry,598.9405542000022,82,1400,2130,-192,971,,123.047,187.207,343.125,85.342,,-45.439328125,7.382781249999994,-12.744140625,85.34199999999998,143.51479853791787,145.73271158188425,48.768175514378584,143.51479853791787,-145.73271158188425,48.768175514378584,146.0,145.0,50.0,2.868882035347383,"{""elapsed_s"":598.9405542000022,""sample_index"":82,""id11_raw"":1400,""id12_raw"":2130,""id13_raw"":-192,""id14_raw"":971,""id11_deg"":123.047,""id12_deg"":187.207,""id13_deg"":343.125,""id14_deg"":85.342,""q1_deg"":-45.439328125,""q2_deg"":7.382781249999994,""q3_deg"":-12.744140625,""q4_deg"":85.34199999999998,""physical_x_mm"":143.51479853791787,""physical_y_mm"":145.73271158188425,""physical_z_mm"":48.768175514378584,""internal_x_mm"":143.51479853791787,""internal_y_mm"":-145.73271158188425,""internal_z_mm"":48.768175514378584,""position_error_mm"":2.868882035347383,""robot_timestamp_utc"":""2026-09-09T15:41:48.782+00:00"",""extra"":{""point"":""P02"",""phase"":""APPROACH""},""target_x_mm"":146.0,""target_y_mm"":145.0,""target_z_mm"":50.0}"
2026-09-09T15:41:50.640Z,20260909T153149.834Z-379dfceb,192,point_phase_measured,telemetry,600.7976976999998,83,1401,2248,-120,853,,123.135,197.578,349.453,74.971,,-45.35132812500001,17.753781250000003,-6.4161406250000255,74.971,144.8636431939582,146.65118571013753,1.3524068643015141,144.8636431939582,-146.65118571013753,1.3524068643015141,146.0,145.0,0.0,2.4180002825909086,"{""elapsed_s"":600.7976976999998,""sample_index"":83,""id11_raw"":1401,""id12_raw"":2248,""id13_raw"":-120,""id14_raw"":853,""id11_deg"":123.135,""id12_deg"":197.578,""id13_deg"":349.453,""id14_deg"":74.971,""q1_deg"":-45.35132812500001,""q2_deg"":17.753781250000003,""q3_deg"":-6.4161406250000255,""q4_deg"":74.971,""physical_x_mm"":144.8636431939582,""physical_y_mm"":146.65118571013753,""physical_z_mm"":1.3524068643015141,""internal_x_mm"":144.8636431939582,""internal_y_mm"":-146.65118571013753,""internal_z_mm"":1.3524068643015141,""position_error_mm"":2.4180002825909086,""robot_timestamp_utc"":""2026-09-09T15:41:50.639+00:00"",""extra"":{""point"":""P02"",""phase"":""TOUCH""},""target_x_mm"":146.0,""target_y_mm"":145.0,""target_z_mm"":0.0}"
2026-09-09T15:41:52.241Z,20260909T153149.834Z-379dfceb,195,point_phase_measured,telemetry,602.3988398000001,84,1403,2130,-186,968,,123.311,187.207,343.652,85.078,,-45.17532812499999,7.382781249999994,-12.217140625000013,85.07799999999997,143.72799130314428,144.61032460094344,47.501543106602355,143.72799130314428,-144.61032460094344,47.501543106602355,146.0,145.0,50.0,3.399434847645139,"{""elapsed_s"":602.3988398000001,""sample_index"":84,""id11_raw"":1403,""id12_raw"":2130,""id13_raw"":-186,""id14_raw"":968,""id11_deg"":123.311,""id12_deg"":187.207,""id13_deg"":343.652,""id14_deg"":85.078,""q1_deg"":-45.17532812499999,""q2_deg"":7.382781249999994,""q3_deg"":-12.217140625000013,""q4_deg"":85.07799999999997,""physical_x_mm"":143.72799130314428,""physical_y_mm"":144.61032460094344,""physical_z_mm"":47.501543106602355,""internal_x_mm"":143.72799130314428,""internal_y_mm"":-144.61032460094344,""internal_z_mm"":47.501543106602355,""position_error_mm"":3.399434847645139,""robot_timestamp_utc"":""2026-09-09T15:41:52.240+00:00"",""extra"":{""point"":""P02"",""phase"":""RETRACT""},""target_x_mm"":146.0,""target_y_mm"":145.0,""target_z_mm"":50.0}"
2026-09-09T15:41:54.297Z,20260909T153149.834Z-379dfceb,198,point_phase_measured,telemetry,604.4548020000002,85,1584,2269,-262,623,,139.219,199.424,336.973,54.756,,-29.267328125000006,19.599781250000007,-18.896140624999987,54.756,257.76762127710043,144.45922857941403,51.018415158816055,257.76762127710043,-144.45922857941403,51.018415158816055,257.0,145.0,50.0,1.3852240216247313,"{""elapsed_s"":604.4548020000002,""sample_index"":85,""id11_raw"":1584,""id12_raw"":2269,""id13_raw"":-262,""id14_raw"":623,""id11_deg"":139.219,""id12_deg"":199.424,""id13_deg"":336.973,""id14_deg"":54.756,""q1_deg"":-29.267328125000006,""q2_deg"":19.599781250000007,""q3_deg"":-18.896140624999987,""q4_deg"":54.756,""physical_x_mm"":257.76762127710043,""physical_y_mm"":144.45922857941403,""physical_z_mm"":51.018415158816055,""internal_x_mm"":257.76762127710043,""internal_y_mm"":-144.45922857941403,""internal_z_mm"":51.018415158816055,""position_error_mm"":1.3852240216247313,""robot_timestamp_utc"":""2026-09-09T15:41:54.297+00:00"",""extra"":{""point"":""P03"",""phase"":""APPROACH""},""target_x_mm"":257.0,""target_y_mm"":145.0,""target_z_mm"":50.0}"
2026-09-09T15:41:56.686Z,20260909T153149.834Z-379dfceb,201,point_phase_measured,telemetry,606.8444156000005,86,1583,2392,-259,565,,139.131,210.234,337.236,49.658,,-29.355328125,30.40978125000001,-18.63314062500001,49.658000000000015,259.8320720001785,146.1410615764557,3.904616012546427,259.8320720001785,-146.1410615764557,3.904616012546427,257.0,145.0,0.0,4.956680294399948,"{""elapsed_s"":606.8444156000005,""sample_index"":86,""id11_raw"":1583,""id12_raw"":2392,""id13_raw"":-259,""id14_raw"":565,""id11_deg"":139.131,""id12_deg"":210.234,""id13_deg"":337.236,""id14_deg"":49.658,""q1_deg"":-29.355328125,""q2_deg"":30.40978125000001,""q3_deg"":-18.63314062500001,""q4_deg"":49.658000000000015,""physical_x_mm"":259.8320720001785,""physical_y_mm"":146.1410615764557,""physical_z_mm"":3.904616012546427,""internal_x_mm"":259.8320720001785,""internal_y_mm"":-146.1410615764557,""internal_z_mm"":3.904616012546427,""position_error_mm"":4.956680294399948,""robot_timestamp_utc"":""2026-09-09T15:41:56.686+00:00"",""extra"":{""point"":""P03"",""phase"":""TOUCH""},""target_x_mm"":257.0,""target_y_mm"":145.0,""target_z_mm"":0.0}"
2026-09-09T15:41:58.916Z,20260909T153149.834Z-379dfceb,204,point_phase_measured,telemetry,609.0743803000005,87,1582,2276,-260,626,,139.043,200.039,337.148,55.02,,-29.443328124999994,20.214781249999987,-18.721140624999975,55.02000000000001,256.14240534146603,144.58413593674905,46.89390003068104,256.14240534146603,-144.58413593674905,46.89390003068104,257.0,145.0,50.0,3.2490411719233165,"{""elapsed_s"":609.0743803000005,""sample_index"":87,""id11_raw"":1582,""id12_raw"":2276,""id13_raw"":-260,""id14_raw"":626,""id11_deg"":139.043,""id12_deg"":200.039,""id13_deg"":337.148,""id14_deg"":55.02,""q1_deg"":-29.443328124999994,""q2_deg"":20.214781249999987,""q3_deg"":-18.721140624999975,""q4_deg"":55.02000000000001,""physical_x_mm"":256.14240534146603,""physical_y_mm"":144.58413593674905,""physical_z_mm"":46.89390003068104,""internal_x_mm"":256.14240534146603,""internal_y_mm"":-144.58413593674905,""internal_z_mm"":46.89390003068104,""position_error_mm"":3.2490411719233165,""robot_timestamp_utc"":""2026-09-09T15:41:58.916+00:00"",""extra"":{""point"":""P03"",""phase"":""RETRACT""},""target_x_mm"":257.0,""target_y_mm"":145.0,""target_z_mm"":50.0}"
2026-09-09T15:42:00.942Z,20260909T153149.834Z-379dfceb,207,point_phase_measured,telemetry,611.1004678000027,88,1921,2212,-256,798,,168.838,194.414,337.5,70.137,,0.35167187499999386,14.589781249999987,-18.369140625,70.137,257.6444400615952,-1.5813981747029475,50.708176200882264,257.6444400615952,1.5813981747029475,50.708176200882264,257.0,0.0,50.0,1.848685130420727,"{""elapsed_s"":611.1004678000027,""sample_index"":88,""id11_raw"":1921,""id12_raw"":2212,""id13_raw"":-256,""id14_raw"":798,""id11_deg"":168.838,""id12_deg"":194.414,""id13_deg"":337.5,""id14_deg"":70.137,""q1_deg"":0.35167187499999386,""q2_deg"":14.589781249999987,""q3_deg"":-18.369140625,""q4_deg"":70.137,""physical_x_mm"":257.6444400615952,""physical_y_mm"":-1.5813981747029475,""physical_z_mm"":50.708176200882264,""internal_x_mm"":257.6444400615952,""internal_y_mm"":1.5813981747029475,""internal_z_mm"":50.708176200882264,""position_error_mm"":1.848685130420727,""robot_timestamp_utc"":""2026-09-09T15:42:00.942+00:00"",""extra"":{""point"":""P04"",""phase"":""APPROACH""},""target_x_mm"":257.0,""target_y_mm"":0.0,""target_z_mm"":50.0}"
2026-09-09T15:42:02.874Z,20260909T153149.834Z-379dfceb,210,point_phase_measured,telemetry,613.0325211000018,89,1919,2340,-242,740,,168.662,205.664,338.73,65.039,,0.17567187500000614,25.839781249999987,-17.139140624999982,65.03899999999999,258.3582206543991,-0.792142382054251,3.411961720493025,258.3582206543991,0.792142382054251,3.411961720493025,257.0,0.0,0.0,3.75682521307454,"{""elapsed_s"":613.0325211000018,""sample_index"":89,""id11_raw"":1919,""id12_raw"":2340,""id13_raw"":-242,""id14_raw"":740,""id11_deg"":168.662,""id12_deg"":205.664,""id13_deg"":338.73,""id14_deg"":65.039,""q1_deg"":0.17567187500000614,""q2_deg"":25.839781249999987,""q3_deg"":-17.139140624999982,""q4_deg"":65.03899999999999,""physical_x_mm"":258.3582206543991,""physical_y_mm"":-0.792142382054251,""physical_z_mm"":3.411961720493025,""internal_x_mm"":258.3582206543991,""internal_y_mm"":0.792142382054251,""internal_z_mm"":3.411961720493025,""position_error_mm"":3.75682521307454,""robot_timestamp_utc"":""2026-09-09T15:42:02.874+00:00"",""extra"":{""point"":""P04"",""phase"":""TOUCH""},""target_x_mm"":257.0,""target_y_mm"":0.0,""target_z_mm"":0.0}"
2026-09-09T15:42:04.501Z,20260909T153149.834Z-379dfceb,213,point_phase_measured,telemetry,614.6591571999998,90,1918,2214,-244,797,,168.574,194.59,338.555,70.049,,0.08767187500001228,14.765781250000003,-17.314140624999993,70.049,255.1165651554915,-0.3903702027823422,46.58187492731304,255.1165651554915,0.3903702027823422,46.58187492731304,257.0,0.0,50.0,3.9221543469451055,"{""elapsed_s"":614.6591571999998,""sample_index"":90,""id11_raw"":1918,""id12_raw"":2214,""id13_raw"":-244,""id14_raw"":797,""id11_deg"":168.574,""id12_deg"":194.59,""id13_deg"":338.555,""id14_deg"":70.049,""q1_deg"":0.08767187500001228,""q2_deg"":14.765781250000003,""q3_deg"":-17.314140624999993,""q4_deg"":70.049,""physical_x_mm"":255.1165651554915,""physical_y_mm"":-0.3903702027823422,""physical_z_mm"":46.58187492731304,""internal_x_mm"":255.1165651554915,""internal_y_mm"":0.3903702027823422,""internal_z_mm"":46.58187492731304,""position_error_mm"":3.9221543469451055,""robot_timestamp_utc"":""2026-09-09T15:42:04.501+00:00"",""extra"":{""point"":""P04"",""phase"":""RETRACT""},""target_x_mm"":257.0,""target_y_mm"":0.0,""target_z_mm"":50.0}"
2026-09-09T15:42:06.532Z,20260909T153149.834Z-379dfceb,216,point_phase_measured,telemetry,616.690451100003,91,2257,2265,-261,626,,198.369,199.072,337.061,55.02,,29.882671875,19.247781250000003,-18.80814062500002,55.02000000000001,255.6057648328164,-146.87698722824376,51.9903013195252,255.6057648328164,146.87698722824376,51.9903013195252,257.0,-145.0,50.0,3.0705491526607207,"{""elapsed_s"":616.690451100003,""sample_index"":91,""id11_raw"":2257,""id12_raw"":2265,""id13_raw"":-261,""id14_raw"":626,""id11_deg"":198.369,""id12_deg"":199.072,""id13_deg"":337.061,""id14_deg"":55.02,""q1_deg"":29.882671875,""q2_deg"":19.247781250000003,""q3_deg"":-18.80814062500002,""q4_deg"":55.02000000000001,""physical_x_mm"":255.6057648328164,""physical_y_mm"":-146.87698722824376,""physical_z_mm"":51.9903013195252,""internal_x_mm"":255.6057648328164,""internal_y_mm"":146.87698722824376,""internal_z_mm"":51.9903013195252,""position_error_mm"":3.0705491526607207,""robot_timestamp_utc"":""2026-09-09T15:42:06.532+00:00"",""extra"":{""point"":""P05"",""phase"":""APPROACH""},""target_x_mm"":257.0,""target_y_mm"":-145.0,""target_z_mm"":50.0}"
2026-09-09T15:42:08.770Z,20260909T153149.834Z-379dfceb,219,point_phase_measured,telemetry,618.9278575999997,92,2254,2390,-259,566,,198.105,210.059,337.236,49.746,,29.61867187499999,30.234781249999997,-18.63314062500001,49.74600000000001,259.1551619652987,-147.33235253386798,4.656627087829008,259.1551619652987,147.33235253386798,4.656627087829008,257.0,-145.0,0.0,5.636378915049396,"{""elapsed_s"":618.9278575999997,""sample_index"":92,""id11_raw"":2254,""id12_raw"":2390,""id13_raw"":-259,""id14_raw"":566,""id11_deg"":198.105,""id12_deg"":210.059,""id13_deg"":337.236,""id14_deg"":49.746,""q1_deg"":29.61867187499999,""q2_deg"":30.234781249999997,""q3_deg"":-18.63314062500001,""q4_deg"":49.74600000000001,""physical_x_mm"":259.1551619652987,""physical_y_mm"":-147.33235253386798,""physical_z_mm"":4.656627087829008,""internal_x_mm"":259.1551619652987,""internal_y_mm"":147.33235253386798,""internal_z_mm"":4.656627087829008,""position_error_mm"":5.636378915049396,""robot_timestamp_utc"":""2026-09-09T15:42:08.770+00:00"",""extra"":{""point"":""P05"",""phase"":""TOUCH""},""target_x_mm"":257.0,""target_y_mm"":-145.0,""target_z_mm"":0.0}"
