image_path,timestamp,session,camera_mount,scan_pose,pose_note,camera_index,width_px,height_px
dataset/raw/one_cube_scan_up_01/cube_20260922_161853_710735.jpg,2026-09-22T16:18:53.710+03:00,one_cube_scan_up_01,fixed_rigid,scan_up,"motors_deg=170.156,161.895,333.896,125.420",1,640,480
dataset/raw/one_cube_scan_up_01/cube_20260922_161856_696251.jpg,2026-09-22T16:18:56.696+03:00,one_cube_scan_up_01,fixed_rigid,scan_up,"motors_deg=170.156,161.895,333.896,125.420",1,640,480
dataset/raw/one_cube_scan_up_01/cube_20260922_161901_141469.jpg,2026-09-22T16:19:01.141+03:00,one_cube_scan_up_01,fixed_rigid,scan_up,"motors_deg=170.156,161.895,333.896,125.420",1,640,480
dataset/raw/one_cube_scan_up_01/cube_20260922_161904_662852.jpg,2026-09-22T16:19:04.662+03:00,one_cube_scan_up_01,fixed_rigid,scan_up,"motors_deg=170.156,161.895,333.896,125.420",1,640,480
dataset/raw/one_cube_scan_up_01/cube_20260922_161906_550137.jpg,2026-09-22T16:19:06.550+03:00,one_cube_scan_up_01,fixed_rigid,scan_up,"motors_deg=170.156,161.895,333.896,125.420",1,640,480
dataset/raw/one_cube_scan_up_01/cube_20260922_161908_774290.jpg,2026-09-22T16:19:08.774+03:00,one_cube_scan_up_01,fixed_rigid,scan_up,"motors_deg=170.156,161.895,333.896,125.420",1,640,480
dataset/raw/one_cube_scan_up_01/cube_20260922_161911_861292.jpg,2026-09-22T16:19:11.861+03:00,one_cube_scan_up_01,fixed_rigid,scan_up,"motors_deg=170.156,161.895,333.896,125.420",1,640,480
dataset/raw/one_cube_scan_up_01/cube_20260922_161914_071024.jpg,2026-09-22T16:19:14.071+03:00,one_cube_scan_up_01,fixed_rigid,scan_up,"motors_deg=170.156,161.895,333.896,125.420",1,640,480
dataset/raw/one_cube_scan_up_01/cube_20260922_161916_950568.jpg,2026-09-22T16:19:16.950+03:00,one_cube_scan_up_01,fixed_rigid,scan_up,"motors_deg=170.156,161.895,333.896,125.420",1,640,480
dataset/raw/one_cube_scan_up_01/cube_20260922_161919_138702.jpg,2026-09-22T16:19:19.138+03:00,one_cube_scan_up_01,fixed_rigid,scan_up,"motors_deg=170.156,161.895,333.896,125.420",1,640,480
dataset/raw/one_cube_scan_up_01/cube_20260922_161921_348082.jpg,2026-09-22T16:19:21.348+03:00,one_cube_scan_up_01,fixed_rigid,scan_up,"motors_deg=170.156,161.895,333.896,125.420",1,640,480
dataset/raw/one_cube_scan_up_01/cube_20260922_161928_660937.jpg,2026-09-22T16:19:28.660+03:00,one_cube_scan_up_01,fixed_rigid,scan_up,"motors_deg=170.156,161.895,333.896,125.420",1,640,480
dataset/raw/one_cube_scan_up_01/cube_20260922_161930_755479.jpg,2026-09-22T16:19:30.755+03:00,one_cube_scan_up_01,fixed_rigid,scan_up,"motors_deg=170.156,161.895,333.896,125.420",1,640,480
dataset/raw/one_cube_scan_up_01/cube_20260922_161937_220329.jpg,2026-09-22T16:19:37.220+03:00,one_cube_scan_up_01,fixed_rigid,scan_up,"motors_deg=170.156,161.895,333.896,125.420",1,640,480
dataset/raw/one_cube_scan_up_01/cube_20260922_161941_161946.jpg,2026-09-22T16:19:41.161+03:00,one_cube_scan_up_01,fixed_rigid,scan_up,"motors_deg=170.156,161.895,333.896,125.420",1,640,480
dataset/raw/one_cube_scan_up_01/cube_20260922_161942_530470.jpg,2026-09-22T16:19:42.530+03:00,one_cube_scan_up_01,fixed_rigid,scan_up,"motors_deg=170.156,161.895,333.896,125.420",1,640,480
dataset/raw/one_cube_scan_up_01/cube_20260922_161947_557663.jpg,2026-09-22T16:19:47.557+03:00,one_cube_scan_up_01,fixed_rigid,scan_up,"motors_deg=170.156,161.895,333.896,125.420",1,640,480
dataset/raw/one_cube_scan_up_01/cube_20260922_161951_219695.jpg,2026-09-22T16:19:51.219+03:00,one_cube_scan_up_01,fixed_rigid,scan_up,"motors_deg=170.156,161.895,333.896,125.420",1,640,480
dataset/raw/one_cube_scan_up_01/cube_20260922_162027_363642.jpg,2026-09-22T16:20:27.363+03:00,one_cube_scan_up_01,fixed_rigid,scan_up,"motors_deg=170.156,161.895,333.896,125.420",1,640,480
dataset/raw/one_cube_scan_up_01/cube_20260922_162029_255433.jpg,2026-09-22T16:20:29.255+03:00,one_cube_scan_up_01,fixed_rigid,scan_up,"motors_deg=170.156,161.895,333.896,125.420",1,640,480
dataset/raw/one_cube_scan_up_01/cube_20260922_162032_166815.jpg,2026-09-22T16:20:32.166+03:00,one_cube_scan_up_01,fixed_rigid,scan_up,"motors_deg=170.156,161.895,333.896,125.420",1,640,480
dataset/raw/one_cube_scan_up_01/cube_20260922_162034_759902.jpg,2026-09-22T16:20:34.759+03:00,one_cube_scan_up_01,fixed_rigid,scan_up,"motors_deg=170.156,161.895,333.896,125.420",1,640,480
dataset/raw/one_cube_scan_up_01/cube_20260922_162036_997633.jpg,2026-09-22T16:20:36.997+03:00,one_cube_scan_up_01,fixed_rigid,scan_up,"motors_deg=170.156,161.895,333.896,125.420",1,640,480
dataset/raw/one_cube_scan_up_01/cube_20260922_162039_188395.jpg,2026-09-22T16:20:39.188+03:00,one_cube_scan_up_01,fixed_rigid,scan_up,"motors_deg=170.156,161.895,333.896,125.420",1,640,480
dataset/raw/one_cube_scan_up_01/cube_20260922_162040_967024.jpg,2026-09-22T16:20:40.967+03:00,one_cube_scan_up_01,fixed_rigid,scan_up,"motors_deg=170.156,161.895,333.896,125.420",1,640,480
dataset/raw/one_cube_scan_up_01/cube_20260922_162043_136797.jpg,2026-09-22T16:20:43.136+03:00,one_cube_scan_up_01,fixed_rigid,scan_up,"motors_deg=170.156,161.895,333.896,125.420",1,640,480
dataset/raw/one_cube_scan_up_01/cube_20260922_162045_394671.jpg,2026-09-22T16:20:45.394+03:00,one_cube_scan_up_01,fixed_rigid,scan_up,"motors_deg=170.156,161.895,333.896,125.420",1,640,480
dataset/raw/one_cube_scan_up_01/cube_20260922_162047_267259.jpg,2026-09-22T16:20:47.267+03:00,one_cube_scan_up_01,fixed_rigid,scan_up,"motors_deg=170.156,161.895,333.896,125.420",1,640,480
dataset/raw/one_cube_scan_up_01/cube_20260922_162049_042270.jpg,2026-09-22T16:20:49.042+03:00,one_cube_scan_up_01,fixed_rigid,scan_up,"motors_deg=170.156,161.895,333.896,125.420",1,640,480
dataset/raw/one_cube_scan_up_01/cube_20260922_162054_055019.jpg,2026-09-22T16:20:54.055+03:00,one_cube_scan_up_01,fixed_rigid,scan_up,"motors_deg=170.156,161.895,333.896,125.420",1,640,480
dataset/raw/one_cube_scan_up_01/cube_20260922_162055_395979.jpg,2026-09-22T16:20:55.395+03:00,one_cube_scan_up_01,fixed_rigid,scan_up,"motors_deg=170.156,161.895,333.896,125.420",1,640,480
dataset/raw/one_cube_scan_up_01/cube_20260922_162057_702467.jpg,2026-09-22T16:20:57.702+03:00,one_cube_scan_up_01,fixed_rigid,scan_up,"motors_deg=170.156,161.895,333.896,125.420",1,640,480
dataset/raw/one_cube_scan_up_01/cube_20260922_162100_227344.jpg,2026-09-22T16:21:00.227+03:00,one_cube_scan_up_01,fixed_rigid,scan_up,"motors_deg=170.156,161.895,333.896,125.420",1,640,480
dataset/raw/one_cube_scan_up_01/cube_20260922_162102_247260.jpg,2026-09-22T16:21:02.247+03:00,one_cube_scan_up_01,fixed_rigid,scan_up,"motors_deg=170.156,161.895,333.896,125.420",1,640,480
dataset/raw/numbered_cubes_day1/cube_20261006_064922_399731.jpg,2026-10-06T06:49:22.399-07:00,numbered_cubes_day1,fixed_rigid,scan_up,,1,640,480
dataset/raw/numbered_cubes_day1/cube_20261006_064932_942192.jpg,2026-10-06T06:49:32.942-07:00,numbered_cubes_day1,fixed_rigid,scan_up,,1,640,480
dataset/raw/numbered_cubes_day1/cube_20261006_064939_197326.jpg,2026-10-06T06:49:39.197-07:00,numbered_cubes_day1,fixed_rigid,scan_up,,1,640,480
dataset/raw/numbered_cubes_day1/cube_20261006_064940_071072.jpg,2026-10-06T06:49:40.071-07:00,numbered_cubes_day1,fixed_rigid,scan_up,,1,640,480
dataset/raw/numbered_cubes_day1/cube_20261006_064942_338399.jpg,2026-10-06T06:49:42.338-07:00,numbered_cubes_day1,fixed_rigid,scan_up,,1,640,480
dataset/raw/numbered_cubes_day1/cube_20261006_064942_816388.jpg,2026-10-06T06:49:42.816-07:00,numbered_cubes_day1,fixed_rigid,scan_up,,1,640,480
dataset/raw/numbered_cubes_day1/cube_20261006_064943_575842.jpg,2026-10-06T06:49:43.575-07:00,numbered_cubes_day1,fixed_rigid,scan_up,,1,640,480
dataset/raw/numbered_cubes_day1/cube_20261006_064944_425185.jpg,2026-10-06T06:49:44.425-07:00,numbered_cubes_day1,fixed_rigid,scan_up,,1,640,480
dataset/raw/numbered_cubes_day1/cube_20261006_064946_128273.jpg,2026-10-06T06:49:46.128-07:00,numbered_cubes_day1,fixed_rigid,scan_up,,1,640,480
dataset/raw/numbered_cubes_day1/cube_20261006_064947_967635.jpg,2026-10-06T06:49:47.967-07:00,numbered_cubes_day1,fixed_rigid,scan_up,,1,640,480
dataset/raw/numbered_cubes_day1/cube_20261006_064949_935494.jpg,2026-10-06T06:49:49.935-07:00,numbered_cubes_day1,fixed_rigid,scan_up,,1,640,480
dataset/raw/numbered_cubes_day1/cube_20261006_064952_991666.jpg,2026-10-06T06:49:52.991-07:00,numbered_cubes_day1,fixed_rigid,scan_up,,1,640,480
dataset/raw/numbered_cubes_day1/cube_20261006_064955_487824.jpg,2026-10-06T06:49:55.487-07:00,numbered_cubes_day1,fixed_rigid,scan_up,,1,640,480
dataset/raw/numbered_cubes_day1/cube_20261006_064958_155989.jpg,2026-10-06T06:49:58.155-07:00,numbered_cubes_day1,fixed_rigid,scan_up,,1,640,480
dataset/raw/numbered_cubes_day1/cube_20261006_065003_596887.jpg,2026-10-06T06:50:03.596-07:00,numbered_cubes_day1,fixed_rigid,scan_up,,1,640,480
dataset/raw/numbered_cubes_day1/cube_20261006_065004_153968.jpg,2026-10-06T06:50:04.153-07:00,numbered_cubes_day1,fixed_rigid,scan_up,,1,640,480
dataset/raw/numbered_cubes_day1/cube_20261006_065004_637597.jpg,2026-10-06T06:50:04.637-07:00,numbered_cubes_day1,fixed_rigid,scan_up,,1,640,480
dataset/raw/numbered_cubes_day1/cube_20261006_065005_258139.jpg,2026-10-06T06:50:05.258-07:00,numbered_cubes_day1,fixed_rigid,scan_up,,1,640,480
dataset/raw/numbered_cubes_day1/cube_20261006_065005_709289.jpg,2026-10-06T06:50:05.709-07:00,numbered_cubes_day1,fixed_rigid,scan_up,,1,640,480
dataset/raw/numbered_cubes_day1/cube_20261006_065006_411544.jpg,2026-10-06T06:50:06.411-07:00,numbered_cubes_day1,fixed_rigid,scan_up,,1,640,480
dataset/raw/numbered_cubes_day1/cube_20261006_065006_844682.jpg,2026-10-06T06:50:06.844-07:00,numbered_cubes_day1,fixed_rigid,scan_up,,1,640,480
dataset/raw/numbered_cubes_day1/cube_20261006_065007_245866.jpg,2026-10-06T06:50:07.245-07:00,numbered_cubes_day1,fixed_rigid,scan_up,,1,640,480
dataset/raw/numbered_cubes_day1/cube_20261006_065007_644116.jpg,2026-10-06T06:50:07.644-07:00,numbered_cubes_day1,fixed_rigid,scan_up,,1,640,480
dataset/raw/numbered_cubes_day1/cube_20261006_065007_978126.jpg,2026-10-06T06:50:07.978-07:00,numbered_cubes_day1,fixed_rigid,scan_up,,1,640,480
dataset/raw/numbered_cubes_day1/cube_20261006_065008_349096.jpg,2026-10-06T06:50:08.349-07:00,numbered_cubes_day1,fixed_rigid,scan_up,,1,640,480
dataset/raw/numbered_cubes_day1/cube_20261006_065008_758043.jpg,2026-10-06T06:50:08.758-07:00,numbered_cubes_day1,fixed_rigid,scan_up,,1,640,480
dataset/raw/numbered_cubes_day1/cube_20261006_065009_099556.jpg,2026-10-06T06:50:09.099-07:00,numbered_cubes_day1,fixed_rigid,scan_up,,1,640,480
dataset/raw/numbered_cubes_day1/cube_20261006_065009_448627.jpg,2026-10-06T06:50:09.448-07:00,numbered_cubes_day1,fixed_rigid,scan_up,,1,640,480
dataset/raw/numbered_cubes_day1/cube_20261006_065009_840586.jpg,2026-10-06T06:50:09.840-07:00,numbered_cubes_day1,fixed_rigid,scan_up,,1,640,480
dataset/raw/numbered_cubes_day1/cube_20261006_065010_062831.jpg,2026-10-06T06:50:10.062-07:00,numbered_cubes_day1,fixed_rigid,scan_up,,1,640,480
dataset/raw/numbered_cubes_day1/cube_20261006_065010_312948.jpg,2026-10-06T06:50:10.312-07:00,numbered_cubes_day1,fixed_rigid,scan_up,,1,640,480
dataset/raw/numbered_cubes_day1/cube_20261006_065010_590992.jpg,2026-10-06T06:50:10.590-07:00,numbered_cubes_day1,fixed_rigid,scan_up,,1,640,480
dataset/raw/numbered_cubes_day1/cube_20261006_065010_792739.jpg,2026-10-06T06:50:10.792-07:00,numbered_cubes_day1,fixed_rigid,scan_up,,1,640,480
dataset/raw/numbered_cubes_day1/cube_20261006_065011_102448.jpg,2026-10-06T06:50:11.102-07:00,numbered_cubes_day1,fixed_rigid,scan_up,,1,640,480
dataset/raw/numbered_cubes_day1/cube_20261006_065011_293097.jpg,2026-10-06T06:50:11.293-07:00,numbered_cubes_day1,fixed_rigid,scan_up,,1,640,480
dataset/raw/numbered_cubes_day1/cube_20261006_065011_534182.jpg,2026-10-06T06:50:11.534-07:00,numbered_cubes_day1,fixed_rigid,scan_up,,1,640,480
dataset/raw/numbered_cubes_day1/cube_20261006_065011_840608.jpg,2026-10-06T06:50:11.840-07:00,numbered_cubes_day1,fixed_rigid,scan_up,,1,640,480
dataset/raw/numbered_cubes_day1/cube_20261006_065012_139797.jpg,2026-10-06T06:50:12.139-07:00,numbered_cubes_day1,fixed_rigid,scan_up,,1,640,480
dataset/raw/numbered_cubes_day1/cube_20261006_065012_394182.jpg,2026-10-06T06:50:12.394-07:00,numbered_cubes_day1,fixed_rigid,scan_up,,1,640,480
dataset/raw/numbered_cubes_day1/cube_20261006_065012_634499.jpg,2026-10-06T06:50:12.634-07:00,numbered_cubes_day1,fixed_rigid,scan_up,,1,640,480
dataset/raw/numbered_cubes_day1/cube_20261006_065012_876545.jpg,2026-10-06T06:50:12.876-07:00,numbered_cubes_day1,fixed_rigid,scan_up,,1,640,480
dataset/raw/numbered_cubes_day1/cube_20261006_065013_278313.jpg,2026-10-06T06:50:13.278-07:00,numbered_cubes_day1,fixed_rigid,scan_up,,1,640,480
dataset/raw/numbered_cubes_day1/cube_20261006_065013_516003.jpg,2026-10-06T06:50:13.516-07:00,numbered_cubes_day1,fixed_rigid,scan_up,,1,640,480
dataset/raw/numbered_cubes_day1/cube_20261006_065013_807925.jpg,2026-10-06T06:50:13.807-07:00,numbered_cubes_day1,fixed_rigid,scan_up,,1,640,480
dataset/raw/numbered_cubes_day1/cube_20261006_065014_220910.jpg,2026-10-06T06:50:14.220-07:00,numbered_cubes_day1,fixed_rigid,scan_up,,1,640,480
dataset/raw/numbered_cubes_day1/cube_20261006_065014_476608.jpg,2026-10-06T06:50:14.476-07:00,numbered_cubes_day1,fixed_rigid,scan_up,,1,640,480
dataset/raw/numbered_cubes_day1/cube_20261006_065014_712768.jpg,2026-10-06T06:50:14.712-07:00,numbered_cubes_day1,fixed_rigid,scan_up,,1,640,480
dataset/raw/numbered_cubes_day1/cube_20261006_065014_992358.jpg,2026-10-06T06:50:14.992-07:00,numbered_cubes_day1,fixed_rigid,scan_up,,1,640,480
dataset/raw/numbered_cubes_day1/cube_20261006_065015_253932.jpg,2026-10-06T06:50:15.253-07:00,numbered_cubes_day1,fixed_rigid,scan_up,,1,640,480
dataset/raw/numbered_cubes_day1/cube_20261006_065015_517177.jpg,2026-10-06T06:50:15.517-07:00,numbered_cubes_day1,fixed_rigid,scan_up,,1,640,480
dataset/raw/numbered_cubes_day1/cube_20261006_065015_786438.jpg,2026-10-06T06:50:15.786-07:00,numbered_cubes_day1,fixed_rigid,scan_up,,1,640,480
dataset/raw/numbered_cubes_day1/cube_20261006_065016_454034.jpg,2026-10-06T06:50:16.454-07:00,numbered_cubes_day1,fixed_rigid,scan_up,,1,640,480
dataset/raw/numbered_cubes_day1/cube_20261006_065016_866461.jpg,2026-10-06T06:50:16.866-07:00,numbered_cubes_day1,fixed_rigid,scan_up,,1,640,480
dataset/raw/numbered_cubes_day1/cube_20261006_065017_132539.jpg,2026-10-06T06:50:17.132-07:00,numbered_cubes_day1,fixed_rigid,scan_up,,1,640,480
dataset/raw/numbered_cubes_day1/cube_20261006_065017_432611.jpg,2026-10-06T06:50:17.432-07:00,numbered_cubes_day1,fixed_rigid,scan_up,,1,640,480
dataset/raw/numbered_cubes_day1/cube_20261006_065017_722818.jpg,2026-10-06T06:50:17.722-07:00,numbered_cubes_day1,fixed_rigid,scan_up,,1,640,480
dataset/raw/numbered_cubes_day1/cube_20261006_065018_236576.jpg,2026-10-06T06:50:18.236-07:00,numbered_cubes_day1,fixed_rigid,scan_up,,1,640,480
dataset/raw/numbered_cubes_day1/cube_20261006_065018_539643.jpg,2026-10-06T06:50:18.539-07:00,numbered_cubes_day1,fixed_rigid,scan_up,,1,640,480
dataset/raw/numbered_cubes_day1/cube_20261006_065018_812456.jpg,2026-10-06T06:50:18.812-07:00,numbered_cubes_day1,fixed_rigid,scan_up,,1,640,480
dataset/raw/numbered_cubes_day1/cube_20261006_065019_071902.jpg,2026-10-06T06:50:19.071-07:00,numbered_cubes_day1,fixed_rigid,scan_up,,1,640,480
dataset/raw/numbered_cubes_day1/cube_20261006_065019_343108.jpg,2026-10-06T06:50:19.343-07:00,numbered_cubes_day1,fixed_rigid,scan_up,,1,640,480
dataset/raw/numbered_cubes_day1/cube_20261006_065019_581405.jpg,2026-10-06T06:50:19.581-07:00,numbered_cubes_day1,fixed_rigid,scan_up,,1,640,480
dataset/raw/numbered_cubes_day1/cube_20261006_065019_852565.jpg,2026-10-06T06:50:19.852-07:00,numbered_cubes_day1,fixed_rigid,scan_up,,1,640,480
dataset/raw/numbered_cubes_day1/cube_20261006_065020_103224.jpg,2026-10-06T06:50:20.103-07:00,numbered_cubes_day1,fixed_rigid,scan_up,,1,640,480
dataset/raw/numbered_cubes_day1/cube_20261006_065020_320369.jpg,2026-10-06T06:50:20.320-07:00,numbered_cubes_day1,fixed_rigid,scan_up,,1,640,480
dataset/raw/numbered_cubes_day1/cube_20261006_065020_588181.jpg,2026-10-06T06:50:20.588-07:00,numbered_cubes_day1,fixed_rigid,scan_up,,1,640,480
dataset/raw/numbered_cubes_day1/cube_20261006_065020_782297.jpg,2026-10-06T06:50:20.782-07:00,numbered_cubes_day1,fixed_rigid,scan_up,,1,640,480
dataset/raw/numbered_cubes_day1/cube_20261006_065021_034301.jpg,2026-10-06T06:50:21.034-07:00,numbered_cubes_day1,fixed_rigid,scan_up,,1,640,480
dataset/raw/numbered_cubes_day1/cube_20261006_065021_298094.jpg,2026-10-06T06:50:21.298-07:00,numbered_cubes_day1,fixed_rigid,scan_up,,1,640,480
dataset/raw/numbered_cubes_day1/cube_20261006_065021_534059.jpg,2026-10-06T06:50:21.534-07:00,numbered_cubes_day1,fixed_rigid,scan_up,,1,640,480
dataset/raw/numbered_cubes_day1/cube_20261006_065021_724899.jpg,2026-10-06T06:50:21.724-07:00,numbered_cubes_day1,fixed_rigid,scan_up,,1,640,480
dataset/raw/numbered_cubes_day1/cube_20261006_065021_961620.jpg,2026-10-06T06:50:21.961-07:00,numbered_cubes_day1,fixed_rigid,scan_up,,1,640,480
dataset/raw/numbered_cubes_day1/cube_20261006_065022_189286.jpg,2026-10-06T06:50:22.189-07:00,numbered_cubes_day1,fixed_rigid,scan_up,,1,640,480
dataset/raw/numbered_cubes_day1/cube_20261006_065022_396666.jpg,2026-10-06T06:50:22.396-07:00,numbered_cubes_day1,fixed_rigid,scan_up,,1,640,480
dataset/raw/numbered_cubes_day1/cube_20261006_065022_613243.jpg,2026-10-06T06:50:22.613-07:00,numbered_cubes_day1,fixed_rigid,scan_up,,1,640,480
dataset/raw/numbered_cubes_day1/cube_20261006_065022_856782.jpg,2026-10-06T06:50:22.856-07:00,numbered_cubes_day1,fixed_rigid,scan_up,,1,640,480
dataset/raw/numbered_cubes_day1/cube_20261006_065023_071249.jpg,2026-10-06T06:50:23.071-07:00,numbered_cubes_day1,fixed_rigid,scan_up,,1,640,480
dataset/raw/numbered_cubes_day1/cube_20261006_065023_342503.jpg,2026-10-06T06:50:23.342-07:00,numbered_cubes_day1,fixed_rigid,scan_up,,1,640,480
dataset/raw/numbered_cubes_day1/cube_20261006_065023_612354.jpg,2026-10-06T06:50:23.612-07:00,numbered_cubes_day1,fixed_rigid,scan_up,,1,640,480
dataset/raw/numbered_cubes_day1/cube_20261006_065023_870633.jpg,2026-10-06T06:50:23.870-07:00,numbered_cubes_day1,fixed_rigid,scan_up,,1,640,480
dataset/raw/numbered_cubes_day1/cube_20261006_065024_173823.jpg,2026-10-06T06:50:24.173-07:00,numbered_cubes_day1,fixed_rigid,scan_up,,1,640,480
dataset/raw/numbered_cubes_day1/cube_20261006_065024_380785.jpg,2026-10-06T06:50:24.380-07:00,numbered_cubes_day1,fixed_rigid,scan_up,,1,640,480
dataset/raw/numbered_cubes_day1/cube_20261006_065024_604490.jpg,2026-10-06T06:50:24.604-07:00,numbered_cubes_day1,fixed_rigid,scan_up,,1,640,480
dataset/raw/numbered_cubes_day1/cube_20261006_065024_815934.jpg,2026-10-06T06:50:24.815-07:00,numbered_cubes_day1,fixed_rigid,scan_up,,1,640,480
dataset/raw/numbered_cubes_day1/cube_20261006_065025_052038.jpg,2026-10-06T06:50:25.052-07:00,numbered_cubes_day1,fixed_rigid,scan_up,,1,640,480
dataset/raw/numbered_cubes_day1/cube_20261006_065025_245382.jpg,2026-10-06T06:50:25.245-07:00,numbered_cubes_day1,fixed_rigid,scan_up,,1,640,480
dataset/raw/numbered_cubes_day1/cube_20261006_065025_520792.jpg,2026-10-06T06:50:25.520-07:00,numbered_cubes_day1,fixed_rigid,scan_up,,1,640,480
dataset/raw/numbered_cubes_day1/cube_20261006_065025_754696.jpg,2026-10-06T06:50:25.754-07:00,numbered_cubes_day1,fixed_rigid,scan_up,,1,640,480
dataset/raw/numbered_cubes_day1/cube_20261006_065025_981098.jpg,2026-10-06T06:50:25.981-07:00,numbered_cubes_day1,fixed_rigid,scan_up,,1,640,480
dataset/raw/numbered_cubes_day1/cube_20261006_065026_190435.jpg,2026-10-06T06:50:26.190-07:00,numbered_cubes_day1,fixed_rigid,scan_up,,1,640,480
dataset/raw/numbered_cubes_day1/cube_20261006_065026_461298.jpg,2026-10-06T06:50:26.461-07:00,numbered_cubes_day1,fixed_rigid,scan_up,,1,640,480
dataset/raw/numbered_cubes_day1/cube_20261006_065026_695096.jpg,2026-10-06T06:50:26.695-07:00,numbered_cubes_day1,fixed_rigid,scan_up,,1,640,480
dataset/raw/numbered_cubes_day1/cube_20261006_065026_956230.jpg,2026-10-06T06:50:26.956-07:00,numbered_cubes_day1,fixed_rigid,scan_up,,1,640,480
dataset/raw/numbered_cubes_day1/cube_20261006_065027_294399.jpg,2026-10-06T06:50:27.294-07:00,numbered_cubes_day1,fixed_rigid,scan_up,,1,640,480
dataset/raw/numbered_cubes_day1/cube_20261006_065027_599462.jpg,2026-10-06T06:50:27.599-07:00,numbered_cubes_day1,fixed_rigid,scan_up,,1,640,480
dataset/raw/numbered_cubes_day1/cube_20261006_065027_868350.jpg,2026-10-06T06:50:27.868-07:00,numbered_cubes_day1,fixed_rigid,scan_up,,1,640,480
dataset/raw/numbered_cubes_day1/cube_20261006_065028_105228.jpg,2026-10-06T06:50:28.105-07:00,numbered_cubes_day1,fixed_rigid,scan_up,,1,640,480
dataset/raw/numbered_cubes_day1/cube_20261006_065032_670267.jpg,2026-10-06T06:50:32.670-07:00,numbered_cubes_day1,fixed_rigid,scan_up,,1,640,480
dataset/raw/numbered_cubes_day1/cube_20261006_065033_893284.jpg,2026-10-06T06:50:33.893-07:00,numbered_cubes_day1,fixed_rigid,scan_up,,1,640,480
dataset/raw/numbered_cubes_day1/cube_20261006_065034_530155.jpg,2026-10-06T06:50:34.530-07:00,numbered_cubes_day1,fixed_rigid,scan_up,,1,640,480
dataset/raw/numbered_cubes_day1/cube_20261006_065035_853965.jpg,2026-10-06T06:50:35.853-07:00,numbered_cubes_day1,fixed_rigid,scan_up,,1,640,480
dataset/raw/numbered_cubes_day1/cube_20261006_065038_896967.jpg,2026-10-06T06:50:38.896-07:00,numbered_cubes_day1,fixed_rigid,scan_up,,1,640,480
dataset/raw/numbered_cubes_day1/cube_20261006_065039_150979.jpg,2026-10-06T06:50:39.150-07:00,numbered_cubes_day1,fixed_rigid,scan_up,,1,640,480
dataset/raw/numbered_cubes_day1/cube_20261006_065040_914157.jpg,2026-10-06T06:50:40.914-07:00,numbered_cubes_day1,fixed_rigid,scan_up,,1,640,480
dataset/raw/numbered_cubes_day1/cube_20261006_065041_163077.jpg,2026-10-06T06:50:41.163-07:00,numbered_cubes_day1,fixed_rigid,scan_up,,1,640,480
dataset/raw/numbered_cubes_day1/cube_20261006_065043_711058.jpg,2026-10-06T06:50:43.711-07:00,numbered_cubes_day1,fixed_rigid,scan_up,,1,640,480
dataset/raw/numbered_cubes_day1/cube_20261006_065044_030518.jpg,2026-10-06T06:50:44.030-07:00,numbered_cubes_day1,fixed_rigid,scan_up,,1,640,480
dataset/raw/numbered_cubes_day1/cube_20261006_065044_350001.jpg,2026-10-06T06:50:44.350-07:00,numbered_cubes_day1,fixed_rigid,scan_up,,1,640,480
dataset/raw/numbered_cubes_day1/cube_20261006_065051_551248.jpg,2026-10-06T06:50:51.551-07:00,numbered_cubes_day1,fixed_rigid,scan_up,,1,640,480
dataset/raw/numbered_cubes_day1/cube_20261006_065051_870353.jpg,2026-10-06T06:50:51.870-07:00,numbered_cubes_day1,fixed_rigid,scan_up,,1,640,480
dataset/raw/numbered_cubes_day1/cube_20261006_065054_288301.jpg,2026-10-06T06:50:54.288-07:00,numbered_cubes_day1,fixed_rigid,scan_up,,1,640,480
dataset/raw/numbered_cubes_day1/cube_20261006_065056_335532.jpg,2026-10-06T06:50:56.335-07:00,numbered_cubes_day1,fixed_rigid,scan_up,,1,640,480
dataset/raw/numbered_cubes_day1/cube_20261006_065058_307981.jpg,2026-10-06T06:50:58.307-07:00,numbered_cubes_day1,fixed_rigid,scan_up,,1,640,480
dataset/raw/numbered_cubes_day1/cube_20261006_065100_098910.jpg,2026-10-06T06:51:00.098-07:00,numbered_cubes_day1,fixed_rigid,scan_up,,1,640,480
dataset/raw/numbered_cubes_day1/cube_20261006_065102_549919.jpg,2026-10-06T06:51:02.549-07:00,numbered_cubes_day1,fixed_rigid,scan_up,,1,640,480
dataset/raw/numbered_cubes_day1/cube_20261006_065104_427489.jpg,2026-10-06T06:51:04.427-07:00,numbered_cubes_day1,fixed_rigid,scan_up,,1,640,480
dataset/raw/numbered_cubes_day1/cube_20261006_065105_772451.jpg,2026-10-06T06:51:05.772-07:00,numbered_cubes_day1,fixed_rigid,scan_up,,1,640,480
dataset/raw/numbered_cubes_day1/cube_20261006_065107_536397.jpg,2026-10-06T06:51:07.536-07:00,numbered_cubes_day1,fixed_rigid,scan_up,,1,640,480
dataset/raw/numbered_cubes_day1/cube_20261006_065107_919604.jpg,2026-10-06T06:51:07.919-07:00,numbered_cubes_day1,fixed_rigid,scan_up,,1,640,480
dataset/raw/numbered_cubes_day1/cube_20261006_065110_511281.jpg,2026-10-06T06:51:10.511-07:00,numbered_cubes_day1,fixed_rigid,scan_up,,1,640,480
dataset/raw/numbered_cubes_day1/cube_20261006_065112_523332.jpg,2026-10-06T06:51:12.523-07:00,numbered_cubes_day1,fixed_rigid,scan_up,,1,640,480
dataset/raw/numbered_cubes_day1/cube_20261006_065113_054059.jpg,2026-10-06T06:51:13.054-07:00,numbered_cubes_day1,fixed_rigid,scan_up,,1,640,480
dataset/raw/numbered_cubes_day1/cube_20261006_065113_325798.jpg,2026-10-06T06:51:13.325-07:00,numbered_cubes_day1,fixed_rigid,scan_up,,1,640,480
dataset/raw/numbered_cubes_day1/cube_20261006_065113_565066.jpg,2026-10-06T06:51:13.565-07:00,numbered_cubes_day1,fixed_rigid,scan_up,,1,640,480
dataset/raw/numbered_cubes_day1/cube_20261006_065113_808024.jpg,2026-10-06T06:51:13.808-07:00,numbered_cubes_day1,fixed_rigid,scan_up,,1,640,480
dataset/raw/numbered_cubes_day1/cube_20261006_065114_093116.jpg,2026-10-06T06:51:14.093-07:00,numbered_cubes_day1,fixed_rigid,scan_up,,1,640,480
dataset/raw/numbered_cubes_day1/cube_20261006_065114_364181.jpg,2026-10-06T06:51:14.364-07:00,numbered_cubes_day1,fixed_rigid,scan_up,,1,640,480
dataset/raw/numbered_cubes_day1/cube_20261006_065114_640572.jpg,2026-10-06T06:51:14.640-07:00,numbered_cubes_day1,fixed_rigid,scan_up,,1,640,480
dataset/raw/numbered_cubes_day1/cube_20261006_065114_909290.jpg,2026-10-06T06:51:14.909-07:00,numbered_cubes_day1,fixed_rigid,scan_up,,1,640,480
dataset/raw/numbered_cubes_day1/cube_20261006_065115_182749.jpg,2026-10-06T06:51:15.182-07:00,numbered_cubes_day1,fixed_rigid,scan_up,,1,640,480
dataset/raw/numbered_cubes_day1/cube_20261006_065115_432255.jpg,2026-10-06T06:51:15.432-07:00,numbered_cubes_day1,fixed_rigid,scan_up,,1,640,480
dataset/raw/numbered_cubes_day1/cube_20261006_065115_709542.jpg,2026-10-06T06:51:15.709-07:00,numbered_cubes_day1,fixed_rigid,scan_up,,1,640,480
dataset/raw/numbered_cubes_day1/cube_20261006_065115_982510.jpg,2026-10-06T06:51:15.982-07:00,numbered_cubes_day1,fixed_rigid,scan_up,,1,640,480
dataset/raw/numbered_cubes_day1/cube_20261006_065116_222617.jpg,2026-10-06T06:51:16.222-07:00,numbered_cubes_day1,fixed_rigid,scan_up,,1,640,480
dataset/raw/numbered_cubes_day1/cube_20261006_065116_475165.jpg,2026-10-06T06:51:16.475-07:00,numbered_cubes_day1,fixed_rigid,scan_up,,1,640,480
dataset/raw/numbered_cubes_day1/cube_20261006_065116_845773.jpg,2026-10-06T06:51:16.845-07:00,numbered_cubes_day1,fixed_rigid,scan_up,,1,640,480
dataset/raw/numbered_cubes_day1/cube_20261006_065117_086327.jpg,2026-10-06T06:51:17.086-07:00,numbered_cubes_day1,fixed_rigid,scan_up,,1,640,480
dataset/raw/numbered_cubes_day1/cube_20261006_065117_448676.jpg,2026-10-06T06:51:17.448-07:00,numbered_cubes_day1,fixed_rigid,scan_up,,1,640,480
dataset/raw/numbered_cubes_day1/cube_20261006_065119_431885.jpg,2026-10-06T06:51:19.431-07:00,numbered_cubes_day1,fixed_rigid,scan_up,,1,640,480
dataset/raw/numbered_cubes_day1/cube_20261006_065119_900546.jpg,2026-10-06T06:51:19.900-07:00,numbered_cubes_day1,fixed_rigid,scan_up,,1,640,480
dataset/raw/numbered_cubes_day1/cube_20261006_065122_153328.jpg,2026-10-06T06:51:22.153-07:00,numbered_cubes_day1,fixed_rigid,scan_up,,1,640,480
dataset/raw/numbered_cubes_day1/cube_20261006_065122_684978.jpg,2026-10-06T06:51:22.684-07:00,numbered_cubes_day1,fixed_rigid,scan_up,,1,640,480
dataset/raw/numbered_cubes_day1/cube_20261006_065123_051304.jpg,2026-10-06T06:51:23.051-07:00,numbered_cubes_day1,fixed_rigid,scan_up,,1,640,480
dataset/raw/numbered_cubes_day1/cube_20261006_065123_662364.jpg,2026-10-06T06:51:23.662-07:00,numbered_cubes_day1,fixed_rigid,scan_up,,1,640,480
dataset/raw/numbered_cubes_day1/cube_20261006_065123_965077.jpg,2026-10-06T06:51:23.965-07:00,numbered_cubes_day1,fixed_rigid,scan_up,,1,640,480
dataset/raw/numbered_cubes_day1/cube_20261006_065124_335411.jpg,2026-10-06T06:51:24.335-07:00,numbered_cubes_day1,fixed_rigid,scan_up,,1,640,480
dataset/raw/numbered_cubes_day1/cube_20261006_065124_732264.jpg,2026-10-06T06:51:24.732-07:00,numbered_cubes_day1,fixed_rigid,scan_up,,1,640,480
dataset/raw/numbered_cubes_day1/cube_20261006_065125_040353.jpg,2026-10-06T06:51:25.040-07:00,numbered_cubes_day1,fixed_rigid,scan_up,,1,640,480
dataset/raw/numbered_cubes_day1/cube_20261006_065125_341964.jpg,2026-10-06T06:51:25.341-07:00,numbered_cubes_day1,fixed_rigid,scan_up,,1,640,480
dataset/raw/numbered_cubes_day1/cube_20261006_065125_647343.jpg,2026-10-06T06:51:25.647-07:00,numbered_cubes_day1,fixed_rigid,scan_up,,1,640,480
dataset/raw/numbered_cubes_day1/cube_20261006_065125_983938.jpg,2026-10-06T06:51:25.983-07:00,numbered_cubes_day1,fixed_rigid,scan_up,,1,640,480
dataset/raw/numbered_cubes_day1/cube_20261006_065126_226682.jpg,2026-10-06T06:51:26.226-07:00,numbered_cubes_day1,fixed_rigid,scan_up,,1,640,480
dataset/raw/numbered_cubes_day1/cube_20261006_065126_782913.jpg,2026-10-06T06:51:26.782-07:00,numbered_cubes_day1,fixed_rigid,scan_up,,1,640,480
dataset/raw/numbered_cubes_day1/cube_20261006_065127_315202.jpg,2026-10-06T06:51:27.315-07:00,numbered_cubes_day1,fixed_rigid,scan_up,,1,640,480
dataset/raw/numbered_cubes_day1/cube_20261006_065129_029801.jpg,2026-10-06T06:51:29.029-07:00,numbered_cubes_day1,fixed_rigid,scan_up,,1,640,480
dataset/raw/numbered_cubes_day1/cube_20261006_065129_280195.jpg,2026-10-06T06:51:29.280-07:00,numbered_cubes_day1,fixed_rigid,scan_up,,1,640,480
dataset/raw/numbered_cubes_day1/cube_20261006_065131_314147.jpg,2026-10-06T06:51:31.314-07:00,numbered_cubes_day1,fixed_rigid,scan_up,,1,640,480
dataset/raw/numbered_cubes_day1/cube_20261006_065133_222215.jpg,2026-10-06T06:51:33.222-07:00,numbered_cubes_day1,fixed_rigid,scan_up,,1,640,480
dataset/raw/numbered_cubes_day1/cube_20261006_065133_468595.jpg,2026-10-06T06:51:33.468-07:00,numbered_cubes_day1,fixed_rigid,scan_up,,1,640,480
dataset/raw/numbered_cubes_day1/cube_20261006_065135_118985.jpg,2026-10-06T06:51:35.118-07:00,numbered_cubes_day1,fixed_rigid,scan_up,,1,640,480
dataset/raw/numbered_cubes_day1/cube_20261006_065135_430995.jpg,2026-10-06T06:51:35.430-07:00,numbered_cubes_day1,fixed_rigid,scan_up,,1,640,480
dataset/raw/numbered_cubes_day1/cube_20261006_065138_687904.jpg,2026-10-06T06:51:38.687-07:00,numbered_cubes_day1,fixed_rigid,scan_up,,1,640,480
dataset/raw/numbered_cubes_day1/cube_20261006_065139_240336.jpg,2026-10-06T06:51:39.240-07:00,numbered_cubes_day1,fixed_rigid,scan_up,,1,640,480
dataset/raw/numbered_cubes_day1/cube_20261006_065139_695127.jpg,2026-10-06T06:51:39.695-07:00,numbered_cubes_day1,fixed_rigid,scan_up,,1,640,480
dataset/raw/numbered_cubes_day1/cube_20261006_065142_127498.jpg,2026-10-06T06:51:42.127-07:00,numbered_cubes_day1,fixed_rigid,scan_up,,1,640,480
dataset/raw/numbered_cubes_day1/cube_20261006_065144_415281.jpg,2026-10-06T06:51:44.415-07:00,numbered_cubes_day1,fixed_rigid,scan_up,,1,640,480
dataset/raw/numbered_cubes_day1/cube_20261006_065145_073975.jpg,2026-10-06T06:51:45.073-07:00,numbered_cubes_day1,fixed_rigid,scan_up,,1,640,480
dataset/raw/numbered_cubes_day1/cube_20261006_065145_821286.jpg,2026-10-06T06:51:45.821-07:00,numbered_cubes_day1,fixed_rigid,scan_up,,1,640,480
dataset/raw/numbered_cubes_day1/cube_20261006_065148_176365.jpg,2026-10-06T06:51:48.176-07:00,numbered_cubes_day1,fixed_rigid,scan_up,,1,640,480
dataset/raw/numbered_cubes_day1/cube_20261006_065148_586459.jpg,2026-10-06T06:51:48.586-07:00,numbered_cubes_day1,fixed_rigid,scan_up,,1,640,480
dataset/raw/numbered_cubes_day1/cube_20261006_065149_135186.jpg,2026-10-06T06:51:49.135-07:00,numbered_cubes_day1,fixed_rigid,scan_up,,1,640,480
dataset/raw/numbered_cubes_day1/cube_20261006_065150_918306.jpg,2026-10-06T06:51:50.918-07:00,numbered_cubes_day1,fixed_rigid,scan_up,,1,640,480
dataset/raw/numbered_cubes_day1/cube_20261006_065155_057833.jpg,2026-10-06T06:51:55.057-07:00,numbered_cubes_day1,fixed_rigid,scan_up,,1,640,480
dataset/raw/numbered_cubes_day1/cube_20261006_065157_198635.jpg,2026-10-06T06:51:57.198-07:00,numbered_cubes_day1,fixed_rigid,scan_up,,1,640,480
dataset/raw/numbered_cubes_day1/cube_20261006_065157_391405.jpg,2026-10-06T06:51:57.391-07:00,numbered_cubes_day1,fixed_rigid,scan_up,,1,640,480
dataset/raw/numbered_cubes_day1/cube_20261006_065157_775930.jpg,2026-10-06T06:51:57.775-07:00,numbered_cubes_day1,fixed_rigid,scan_up,,1,640,480
dataset/raw/numbered_cubes_day1/cube_20261006_065158_090679.jpg,2026-10-06T06:51:58.090-07:00,numbered_cubes_day1,fixed_rigid,scan_up,,1,640,480
dataset/raw/numbered_cubes_day1/cube_20261006_065202_862607.jpg,2026-10-06T06:52:02.862-07:00,numbered_cubes_day1,fixed_rigid,scan_up,,1,640,480
dataset/raw/numbered_cubes_day1/cube_20261006_065205_349112.jpg,2026-10-06T06:52:05.349-07:00,numbered_cubes_day1,fixed_rigid,scan_up,,1,640,480
dataset/raw/numbered_cubes_day1/cube_20261006_065206_045404.jpg,2026-10-06T06:52:06.045-07:00,numbered_cubes_day1,fixed_rigid,scan_up,,1,640,480
dataset/raw/numbered_cubes_day1/cube_20261006_065207_264885.jpg,2026-10-06T06:52:07.264-07:00,numbered_cubes_day1,fixed_rigid,scan_up,,1,640,480
dataset/raw/numbered_cubes_day1/cube_20261006_065212_602248.jpg,2026-10-06T06:52:12.602-07:00,numbered_cubes_day1,fixed_rigid,scan_up,,1,640,480
dataset/raw/numbered_cubes_day1/cube_20261006_065213_042053.jpg,2026-10-06T06:52:13.042-07:00,numbered_cubes_day1,fixed_rigid,scan_up,,1,640,480
dataset/raw/numbered_cubes_day1/cube_20261006_065213_225779.jpg,2026-10-06T06:52:13.225-07:00,numbered_cubes_day1,fixed_rigid,scan_up,,1,640,480
dataset/raw/numbered_cubes_day1/cube_20261006_065213_672608.jpg,2026-10-06T06:52:13.672-07:00,numbered_cubes_day1,fixed_rigid,scan_up,,1,640,480
dataset/raw/numbered_cubes_day1/cube_20261006_065217_901700.jpg,2026-10-06T06:52:17.901-07:00,numbered_cubes_day1,fixed_rigid,scan_up,,1,640,480
dataset/raw/numbered_cubes_day1/cube_20261006_065218_316568.jpg,2026-10-06T06:52:18.316-07:00,numbered_cubes_day1,fixed_rigid,scan_up,,1,640,480
dataset/raw/numbered_cubes_day1/cube_20261006_065218_608793.jpg,2026-10-06T06:52:18.608-07:00,numbered_cubes_day1,fixed_rigid,scan_up,,1,640,480
dataset/raw/numbered_cubes_day1/cube_20261006_065218_876789.jpg,2026-10-06T06:52:18.876-07:00,numbered_cubes_day1,fixed_rigid,scan_up,,1,640,480
dataset/raw/numbered_cubes_day1/cube_20261006_065219_215435.jpg,2026-10-06T06:52:19.215-07:00,numbered_cubes_day1,fixed_rigid,scan_up,,1,640,480
dataset/raw/numbered_cubes_day1/cube_20261006_065219_418795.jpg,2026-10-06T06:52:19.418-07:00,numbered_cubes_day1,fixed_rigid,scan_up,,1,640,480
dataset/raw/numbered_cubes_day1/cube_20261006_065219_651133.jpg,2026-10-06T06:52:19.651-07:00,numbered_cubes_day1,fixed_rigid,scan_up,,1,640,480
dataset/raw/numbered_cubes_day1/cube_20261006_065219_885315.jpg,2026-10-06T06:52:19.885-07:00,numbered_cubes_day1,fixed_rigid,scan_up,,1,640,480
dataset/raw/numbered_cubes_day1/cube_20261006_065220_185276.jpg,2026-10-06T06:52:20.185-07:00,numbered_cubes_day1,fixed_rigid,scan_up,,1,640,480
dataset/raw/numbered_cubes_day1/cube_20261006_065220_460454.jpg,2026-10-06T06:52:20.460-07:00,numbered_cubes_day1,fixed_rigid,scan_up,,1,640,480
dataset/raw/numbered_cubes_day1/cube_20261006_065220_690174.jpg,2026-10-06T06:52:20.690-07:00,numbered_cubes_day1,fixed_rigid,scan_up,,1,640,480
dataset/raw/numbered_cubes_day1/cube_20261006_065220_922658.jpg,2026-10-06T06:52:20.922-07:00,numbered_cubes_day1,fixed_rigid,scan_up,,1,640,480
dataset/raw/numbered_cubes_day1/cube_20261006_065221_164050.jpg,2026-10-06T06:52:21.164-07:00,numbered_cubes_day1,fixed_rigid,scan_up,,1,640,480
dataset/raw/numbered_cubes_day1/cube_20261006_065221_407535.jpg,2026-10-06T06:52:21.407-07:00,numbered_cubes_day1,fixed_rigid,scan_up,,1,640,480
dataset/raw/numbered_cubes_day1/cube_20261006_065221_664250.jpg,2026-10-06T06:52:21.664-07:00,numbered_cubes_day1,fixed_rigid,scan_up,,1,640,480
dataset/raw/numbered_cubes_day1/cube_20261006_065221_835805.jpg,2026-10-06T06:52:21.835-07:00,numbered_cubes_day1,fixed_rigid,scan_up,,1,640,480
dataset/raw/numbered_cubes_day1/cube_20261006_065222_107348.jpg,2026-10-06T06:52:22.107-07:00,numbered_cubes_day1,fixed_rigid,scan_up,,1,640,480
dataset/raw/numbered_cubes_day1/cube_20261006_065222_331094.jpg,2026-10-06T06:52:22.331-07:00,numbered_cubes_day1,fixed_rigid,scan_up,,1,640,480
dataset/raw/numbered_cubes_day1/cube_20261006_065222_573361.jpg,2026-10-06T06:52:22.573-07:00,numbered_cubes_day1,fixed_rigid,scan_up,,1,640,480
dataset/raw/numbered_cubes_day1/cube_20261006_065222_812624.jpg,2026-10-06T06:52:22.812-07:00,numbered_cubes_day1,fixed_rigid,scan_up,,1,640,480
dataset/raw/numbered_cubes_day1/cube_20261006_065223_031014.jpg,2026-10-06T06:52:23.031-07:00,numbered_cubes_day1,fixed_rigid,scan_up,,1,640,480
dataset/raw/numbered_cubes_day1/cube_20261006_065223_276547.jpg,2026-10-06T06:52:23.276-07:00,numbered_cubes_day1,fixed_rigid,scan_up,,1,640,480
dataset/raw/numbered_cubes_day1/cube_20261006_065223_485440.jpg,2026-10-06T06:52:23.485-07:00,numbered_cubes_day1,fixed_rigid,scan_up,,1,640,480
dataset/raw/numbered_cubes_day1/cube_20261006_065223_742614.jpg,2026-10-06T06:52:23.742-07:00,numbered_cubes_day1,fixed_rigid,scan_up,,1,640,480
dataset/raw/numbered_cubes_day1/cube_20261006_065223_917446.jpg,2026-10-06T06:52:23.917-07:00,numbered_cubes_day1,fixed_rigid,scan_up,,1,640,480
dataset/raw/numbered_cubes_day1/cube_20261006_065224_220818.jpg,2026-10-06T06:52:24.220-07:00,numbered_cubes_day1,fixed_rigid,scan_up,,1,640,480
dataset/raw/numbered_cubes_day1/cube_20261006_065224_442532.jpg,2026-10-06T06:52:24.442-07:00,numbered_cubes_day1,fixed_rigid,scan_up,,1,640,480
dataset/raw/numbered_cubes_day1/cube_20261006_065224_684434.jpg,2026-10-06T06:52:24.684-07:00,numbered_cubes_day1,fixed_rigid,scan_up,,1,640,480
dataset/raw/numbered_cubes_day1/cube_20261006_065224_954666.jpg,2026-10-06T06:52:24.954-07:00,numbered_cubes_day1,fixed_rigid,scan_up,,1,640,480
dataset/raw/numbered_cubes_day1/cube_20261006_065225_196381.jpg,2026-10-06T06:52:25.196-07:00,numbered_cubes_day1,fixed_rigid,scan_up,,1,640,480
dataset/raw/numbered_cubes_day1/cube_20261006_065225_420476.jpg,2026-10-06T06:52:25.420-07:00,numbered_cubes_day1,fixed_rigid,scan_up,,1,640,480
dataset/raw/numbered_cubes_day1/cube_20261006_065225_662409.jpg,2026-10-06T06:52:25.662-07:00,numbered_cubes_day1,fixed_rigid,scan_up,,1,640,480
dataset/raw/numbered_cubes_day1/cube_20261006_065225_902479.jpg,2026-10-06T06:52:25.902-07:00,numbered_cubes_day1,fixed_rigid,scan_up,,1,640,480
dataset/raw/numbered_cubes_day1/cube_20261006_065226_121996.jpg,2026-10-06T06:52:26.121-07:00,numbered_cubes_day1,fixed_rigid,scan_up,,1,640,480
dataset/raw/numbered_cubes_day1/cube_20261006_065226_364363.jpg,2026-10-06T06:52:26.364-07:00,numbered_cubes_day1,fixed_rigid,scan_up,,1,640,480
dataset/raw/numbered_cubes_day1/cube_20261006_065226_576192.jpg,2026-10-06T06:52:26.576-07:00,numbered_cubes_day1,fixed_rigid,scan_up,,1,640,480
dataset/raw/numbered_cubes_day1/cube_20261006_065226_858272.jpg,2026-10-06T06:52:26.858-07:00,numbered_cubes_day1,fixed_rigid,scan_up,,1,640,480
dataset/raw/numbered_cubes_day1/cube_20261006_065227_068132.jpg,2026-10-06T06:52:27.068-07:00,numbered_cubes_day1,fixed_rigid,scan_up,,1,640,480
dataset/raw/numbered_cubes_day1/cube_20261006_065233_278269.jpg,2026-10-06T06:52:33.278-07:00,numbered_cubes_day1,fixed_rigid,scan_up,,1,640,480
dataset/raw/numbered_cubes_day1/cube_20261006_065235_763349.jpg,2026-10-06T06:52:35.763-07:00,numbered_cubes_day1,fixed_rigid,scan_up,,1,640,480
dataset/raw/numbered_cubes_day1/cube_20261006_065240_671639.jpg,2026-10-06T06:52:40.671-07:00,numbered_cubes_day1,fixed_rigid,scan_up,,1,640,480
dataset/raw/numbered_cubes_day1/cube_20261006_065242_187792.jpg,2026-10-06T06:52:42.187-07:00,numbered_cubes_day1,fixed_rigid,scan_up,,1,640,480
dataset/raw/numbered_cubes_day1/cube_20261006_065244_647386.jpg,2026-10-06T06:52:44.647-07:00,numbered_cubes_day1,fixed_rigid,scan_up,,1,640,480
dataset/raw/numbered_cubes_day1/cube_20261006_065245_931467.jpg,2026-10-06T06:52:45.931-07:00,numbered_cubes_day1,fixed_rigid,scan_up,,1,640,480
dataset/raw/numbered_cubes_day1/cube_20261006_065246_257269.jpg,2026-10-06T06:52:46.257-07:00,numbered_cubes_day1,fixed_rigid,scan_up,,1,640,480
dataset/raw/numbered_cubes_day1/cube_20261006_065246_451329.jpg,2026-10-06T06:52:46.451-07:00,numbered_cubes_day1,fixed_rigid,scan_up,,1,640,480
dataset/raw/numbered_cubes_day1/cube_20261006_065246_702516.jpg,2026-10-06T06:52:46.702-07:00,numbered_cubes_day1,fixed_rigid,scan_up,,1,640,480
dataset/raw/numbered_cubes_day1/cube_20261006_065248_736663.jpg,2026-10-06T06:52:48.736-07:00,numbered_cubes_day1,fixed_rigid,scan_up,,1,640,480
dataset/raw/numbered_cubes_day1/cube_20261006_065251_312732.jpg,2026-10-06T06:52:51.312-07:00,numbered_cubes_day1,fixed_rigid,scan_up,,1,640,480
dataset/raw/numbered_cubes_day1/cube_20261006_065251_505470.jpg,2026-10-06T06:52:51.505-07:00,numbered_cubes_day1,fixed_rigid,scan_up,,1,640,480
dataset/raw/numbered_cubes_day1/cube_20261006_065253_425588.jpg,2026-10-06T06:52:53.425-07:00,numbered_cubes_day1,fixed_rigid,scan_up,,1,640,480
dataset/raw/numbered_cubes_day1/cube_20261006_065253_632893.jpg,2026-10-06T06:52:53.632-07:00,numbered_cubes_day1,fixed_rigid,scan_up,,1,640,480
dataset/raw/numbered_cubes_day1/cube_20261006_065255_451247.jpg,2026-10-06T06:52:55.451-07:00,numbered_cubes_day1,fixed_rigid,scan_up,,1,640,480
dataset/raw/numbered_cubes_day1/cube_20261006_065255_777559.jpg,2026-10-06T06:52:55.777-07:00,numbered_cubes_day1,fixed_rigid,scan_up,,1,640,480
dataset/raw/numbered_cubes_day1/cube_20261006_065256_600893.jpg,2026-10-06T06:52:56.600-07:00,numbered_cubes_day1,fixed_rigid,scan_up,,1,640,480
dataset/raw/numbered_cubes_day1/cube_20261006_065256_991384.jpg,2026-10-06T06:52:56.991-07:00,numbered_cubes_day1,fixed_rigid,scan_up,,1,640,480
dataset/raw/numbered_cubes_day1/cube_20261006_065257_182316.jpg,2026-10-06T06:52:57.182-07:00,numbered_cubes_day1,fixed_rigid,scan_up,,1,640,480
dataset/raw/numbered_cubes_day1/cube_20261006_065257_375532.jpg,2026-10-06T06:52:57.375-07:00,numbered_cubes_day1,fixed_rigid,scan_up,,1,640,480
dataset/raw/numbered_cubes_day1/cube_20261006_065258_247069.jpg,2026-10-06T06:52:58.247-07:00,numbered_cubes_day1,fixed_rigid,scan_up,,1,640,480
dataset/raw/numbered_cubes_day1/cube_20261006_065258_440139.jpg,2026-10-06T06:52:58.440-07:00,numbered_cubes_day1,fixed_rigid,scan_up,,1,640,480
dataset/raw/numbered_cubes_day1/cube_20261006_065301_407568.jpg,2026-10-06T06:53:01.407-07:00,numbered_cubes_day1,fixed_rigid,scan_up,,1,640,480
dataset/raw/numbered_cubes_day1/cube_20261006_065301_612297.jpg,2026-10-06T06:53:01.612-07:00,numbered_cubes_day1,fixed_rigid,scan_up,,1,640,480
dataset/raw/numbered_cubes_day1/cube_20261006_065301_807030.jpg,2026-10-06T06:53:01.807-07:00,numbered_cubes_day1,fixed_rigid,scan_up,,1,640,480
dataset/raw/numbered_cubes_day1/cube_20261006_065301_950835.jpg,2026-10-06T06:53:01.950-07:00,numbered_cubes_day1,fixed_rigid,scan_up,,1,640,480
dataset/raw/numbered_cubes_day1/cube_20261006_065302_111634.jpg,2026-10-06T06:53:02.111-07:00,numbered_cubes_day1,fixed_rigid,scan_up,,1,640,480
dataset/raw/numbered_cubes_day1/cube_20261006_065305_787189.jpg,2026-10-06T06:53:05.787-07:00,numbered_cubes_day1,fixed_rigid,scan_up,,1,640,480
dataset/raw/numbered_cubes_day1/cube_20261006_065305_949030.jpg,2026-10-06T06:53:05.949-07:00,numbered_cubes_day1,fixed_rigid,scan_up,,1,640,480
dataset/raw/numbered_cubes_day1/cube_20261006_065306_155449.jpg,2026-10-06T06:53:06.155-07:00,numbered_cubes_day1,fixed_rigid,scan_up,,1,640,480
dataset/raw/numbered_cubes_day1/cube_20261006_065306_334103.jpg,2026-10-06T06:53:06.334-07:00,numbered_cubes_day1,fixed_rigid,scan_up,,1,640,480
dataset/raw/numbered_cubes_day1/cube_20261006_065306_525020.jpg,2026-10-06T06:53:06.525-07:00,numbered_cubes_day1,fixed_rigid,scan_up,,1,640,480
dataset/raw/numbered_cubes_day1/cube_20261006_065306_769048.jpg,2026-10-06T06:53:06.769-07:00,numbered_cubes_day1,fixed_rigid,scan_up,,1,640,480
dataset/raw/numbered_cubes_day1/cube_20261006_065307_025823.jpg,2026-10-06T06:53:07.025-07:00,numbered_cubes_day1,fixed_rigid,scan_up,,1,640,480
dataset/raw/numbered_cubes_day1/cube_20261006_065307_264094.jpg,2026-10-06T06:53:07.264-07:00,numbered_cubes_day1,fixed_rigid,scan_up,,1,640,480
dataset/raw/numbered_cubes_day1/cube_20261006_065307_479248.jpg,2026-10-06T06:53:07.479-07:00,numbered_cubes_day1,fixed_rigid,scan_up,,1,640,480
dataset/raw/numbered_cubes_day1/cube_20261006_065307_694069.jpg,2026-10-06T06:53:07.694-07:00,numbered_cubes_day1,fixed_rigid,scan_up,,1,640,480
dataset/raw/numbered_cubes_day1/cube_20261006_065307_936222.jpg,2026-10-06T06:53:07.936-07:00,numbered_cubes_day1,fixed_rigid,scan_up,,1,640,480
dataset/raw/numbered_cubes_day1/cube_20261006_065308_124392.jpg,2026-10-06T06:53:08.124-07:00,numbered_cubes_day1,fixed_rigid,scan_up,,1,640,480
dataset/raw/numbered_cubes_day1/cube_20261006_065308_311847.jpg,2026-10-06T06:53:08.311-07:00,numbered_cubes_day1,fixed_rigid,scan_up,,1,640,480
dataset/raw/numbered_cubes_day1/cube_20261006_065314_224240.jpg,2026-10-06T06:53:14.224-07:00,numbered_cubes_day1,fixed_rigid,scan_up,,1,640,480
dataset/raw/numbered_cubes_day1/cube_20261006_065314_417539.jpg,2026-10-06T06:53:14.417-07:00,numbered_cubes_day1,fixed_rigid,scan_up,,1,640,480
dataset/raw/numbered_cubes_day1/cube_20261006_065314_543304.jpg,2026-10-06T06:53:14.543-07:00,numbered_cubes_day1,fixed_rigid,scan_up,,1,640,480
dataset/raw/numbered_cubes_day1/cube_20261006_065316_381207.jpg,2026-10-06T06:53:16.381-07:00,numbered_cubes_day1,fixed_rigid,scan_up,,1,640,480
dataset/raw/numbered_cubes_day1/cube_20261006_065316_566359.jpg,2026-10-06T06:53:16.566-07:00,numbered_cubes_day1,fixed_rigid,scan_up,,1,640,480
dataset/raw/numbered_cubes_day1/cube_20261006_065316_712749.jpg,2026-10-06T06:53:16.712-07:00,numbered_cubes_day1,fixed_rigid,scan_up,,1,640,480
dataset/raw/numbered_cubes_day1/cube_20261006_065316_888685.jpg,2026-10-06T06:53:16.888-07:00,numbered_cubes_day1,fixed_rigid,scan_up,,1,640,480
dataset/raw/numbered_cubes_day1/cube_20261006_065402_942752.jpg,2026-10-06T06:54:02.942-07:00,numbered_cubes_day1,fixed_rigid,scan_up,,1,640,480
dataset/raw/numbered_cubes_day1/cube_20261006_065403_066511.jpg,2026-10-06T06:54:03.066-07:00,numbered_cubes_day1,fixed_rigid,scan_up,,1,640,480
dataset/raw/numbered_cubes_day1/cube_20261006_065403_264522.jpg,2026-10-06T06:54:03.264-07:00,numbered_cubes_day1,fixed_rigid,scan_up,,1,640,480
dataset/raw/numbered_cubes_day1/cube_20261006_065404_671348.jpg,2026-10-06T06:54:04.671-07:00,numbered_cubes_day1,fixed_rigid,scan_up,,1,640,480
dataset/raw/numbered_cubes_day1/cube_20261006_065405_948384.jpg,2026-10-06T06:54:05.948-07:00,numbered_cubes_day1,fixed_rigid,scan_up,,1,640,480
dataset/raw/numbered_cubes_day1/cube_20261006_065406_141420.jpg,2026-10-06T06:54:06.141-07:00,numbered_cubes_day1,fixed_rigid,scan_up,,1,640,480
dataset/raw/numbered_cubes_day1/cube_20261006_065406_301174.jpg,2026-10-06T06:54:06.301-07:00,numbered_cubes_day1,fixed_rigid,scan_up,,1,640,480
dataset/raw/numbered_cubes_day1/cube_20261006_065406_454101.jpg,2026-10-06T06:54:06.454-07:00,numbered_cubes_day1,fixed_rigid,scan_up,,1,640,480
dataset/raw/numbered_cubes_day1/cube_20261006_065406_632935.jpg,2026-10-06T06:54:06.632-07:00,numbered_cubes_day1,fixed_rigid,scan_up,,1,640,480
dataset/raw/numbered_cubes_day1/cube_20261006_065406_811360.jpg,2026-10-06T06:54:06.811-07:00,numbered_cubes_day1,fixed_rigid,scan_up,,1,640,480
dataset/raw/numbered_cubes_day1/cube_20261006_065406_972975.jpg,2026-10-06T06:54:06.972-07:00,numbered_cubes_day1,fixed_rigid,scan_up,,1,640,480
dataset/raw/numbered_cubes_day1/cube_20261006_065407_144995.jpg,2026-10-06T06:54:07.144-07:00,numbered_cubes_day1,fixed_rigid,scan_up,,1,640,480
dataset/raw/numbered_cubes_day1/cube_20261006_065407_448891.jpg,2026-10-06T06:54:07.448-07:00,numbered_cubes_day1,fixed_rigid,scan_up,,1,640,480
dataset/raw/numbered_cubes_day1/cube_20261006_065407_741413.jpg,2026-10-06T06:54:07.741-07:00,numbered_cubes_day1,fixed_rigid,scan_up,,1,640,480
dataset/raw/numbered_cubes_day1/cube_20261006_065407_947793.jpg,2026-10-06T06:54:07.947-07:00,numbered_cubes_day1,fixed_rigid,scan_up,,1,640,480
dataset/raw/numbered_cubes_day1/cube_20261006_065408_161773.jpg,2026-10-06T06:54:08.161-07:00,numbered_cubes_day1,fixed_rigid,scan_up,,1,640,480
dataset/raw/numbered_cubes_day1/cube_20261006_065408_381511.jpg,2026-10-06T06:54:08.381-07:00,numbered_cubes_day1,fixed_rigid,scan_up,,1,640,480
dataset/raw/numbered_cubes_day1/cube_20261006_065408_588240.jpg,2026-10-06T06:54:08.588-07:00,numbered_cubes_day1,fixed_rigid,scan_up,,1,640,480
dataset/raw/numbered_cubes_day1/cube_20261006_065408_826103.jpg,2026-10-06T06:54:08.826-07:00,numbered_cubes_day1,fixed_rigid,scan_up,,1,640,480
dataset/raw/numbered_cubes_day1/cube_20261006_065409_078768.jpg,2026-10-06T06:54:09.078-07:00,numbered_cubes_day1,fixed_rigid,scan_up,,1,640,480
dataset/raw/numbered_cubes_day1/cube_20261006_065409_292640.jpg,2026-10-06T06:54:09.292-07:00,numbered_cubes_day1,fixed_rigid,scan_up,,1,640,480
dataset/raw/numbered_cubes_day1/cube_20261006_065409_485992.jpg,2026-10-06T06:54:09.485-07:00,numbered_cubes_day1,fixed_rigid,scan_up,,1,640,480
dataset/raw/numbered_cubes_day1/cube_20261006_065409_694308.jpg,2026-10-06T06:54:09.694-07:00,numbered_cubes_day1,fixed_rigid,scan_up,,1,640,480
dataset/raw/numbered_cubes_day1/cube_20261006_065409_896121.jpg,2026-10-06T06:54:09.896-07:00,numbered_cubes_day1,fixed_rigid,scan_up,,1,640,480
dataset/raw/numbered_cubes_day1/cube_20261006_065410_125492.jpg,2026-10-06T06:54:10.125-07:00,numbered_cubes_day1,fixed_rigid,scan_up,,1,640,480
dataset/raw/numbered_cubes_day1/cube_20261006_065410_604421.jpg,2026-10-06T06:54:10.604-07:00,numbered_cubes_day1,fixed_rigid,scan_up,,1,640,480
dataset/raw/numbered_cubes_day1/cube_20261006_065410_797991.jpg,2026-10-06T06:54:10.797-07:00,numbered_cubes_day1,fixed_rigid,scan_up,,1,640,480
dataset/raw/numbered_cubes_day1/cube_20261006_065411_069146.jpg,2026-10-06T06:54:11.069-07:00,numbered_cubes_day1,fixed_rigid,scan_up,,1,640,480
dataset/raw/numbered_cubes_day1/cube_20261006_065411_374957.jpg,2026-10-06T06:54:11.374-07:00,numbered_cubes_day1,fixed_rigid,scan_up,,1,640,480
dataset/raw/numbered_cubes_day1/cube_20261006_065411_614399.jpg,2026-10-06T06:54:11.614-07:00,numbered_cubes_day1,fixed_rigid,scan_up,,1,640,480
dataset/raw/numbered_cubes_day1/cube_20261006_065411_918542.jpg,2026-10-06T06:54:11.918-07:00,numbered_cubes_day1,fixed_rigid,scan_up,,1,640,480
dataset/raw/numbered_cubes_day1/cube_20261006_065412_367622.jpg,2026-10-06T06:54:12.367-07:00,numbered_cubes_day1,fixed_rigid,scan_up,,1,640,480
dataset/raw/numbered_cubes_day1/cube_20261006_065412_624692.jpg,2026-10-06T06:54:12.624-07:00,numbered_cubes_day1,fixed_rigid,scan_up,,1,640,480
dataset/raw/numbered_cubes_day1/cube_20261006_065412_880832.jpg,2026-10-06T06:54:12.880-07:00,numbered_cubes_day1,fixed_rigid,scan_up,,1,640,480
dataset/raw/numbered_cubes_day1/cube_20261006_065413_101316.jpg,2026-10-06T06:54:13.101-07:00,numbered_cubes_day1,fixed_rigid,scan_up,,1,640,480
dataset/raw/numbered_cubes_day1/cube_20261006_065413_308007.jpg,2026-10-06T06:54:13.308-07:00,numbered_cubes_day1,fixed_rigid,scan_up,,1,640,480
dataset/raw/numbered_cubes_day1/cube_20261006_065413_501447.jpg,2026-10-06T06:54:13.501-07:00,numbered_cubes_day1,fixed_rigid,scan_up,,1,640,480
dataset/raw/numbered_cubes_day1/cube_20261006_065413_710708.jpg,2026-10-06T06:54:13.710-07:00,numbered_cubes_day1,fixed_rigid,scan_up,,1,640,480
dataset/raw/numbered_cubes_day1/cube_20261006_065414_006095.jpg,2026-10-06T06:54:14.006-07:00,numbered_cubes_day1,fixed_rigid,scan_up,,1,640,480
dataset/raw/numbered_cubes_day1/cube_20261006_065414_236696.jpg,2026-10-06T06:54:14.236-07:00,numbered_cubes_day1,fixed_rigid,scan_up,,1,640,480
dataset/raw/numbered_cubes_day1/cube_20261006_065414_571063.jpg,2026-10-06T06:54:14.571-07:00,numbered_cubes_day1,fixed_rigid,scan_up,,1,640,480
dataset/raw/numbered_cubes_day1/cube_20261006_065414_825283.jpg,2026-10-06T06:54:14.825-07:00,numbered_cubes_day1,fixed_rigid,scan_up,,1,640,480
dataset/raw/numbered_cubes_day1/cube_20261006_065415_045419.jpg,2026-10-06T06:54:15.045-07:00,numbered_cubes_day1,fixed_rigid,scan_up,,1,640,480
dataset/raw/numbered_cubes_day1/cube_20261006_065415_324679.jpg,2026-10-06T06:54:15.324-07:00,numbered_cubes_day1,fixed_rigid,scan_up,,1,640,480
dataset/raw/numbered_cubes_day1/cube_20261006_065418_559905.jpg,2026-10-06T06:54:18.559-07:00,numbered_cubes_day1,fixed_rigid,scan_up,,1,640,480
dataset/raw/numbered_cubes_day1/cube_20261006_065419_805989.jpg,2026-10-06T06:54:19.805-07:00,numbered_cubes_day1,fixed_rigid,scan_up,,1,640,480
dataset/raw/numbered_cubes_day1/cube_20261006_065420_062252.jpg,2026-10-06T06:54:20.062-07:00,numbered_cubes_day1,fixed_rigid,scan_up,,1,640,480
dataset/raw/numbered_cubes_day1/cube_20261006_065422_172821.jpg,2026-10-06T06:54:22.172-07:00,numbered_cubes_day1,fixed_rigid,scan_up,,1,640,480
dataset/raw/numbered_cubes_day1/cube_20261006_065422_749364.jpg,2026-10-06T06:54:22.749-07:00,numbered_cubes_day1,fixed_rigid,scan_up,,1,640,480
dataset/raw/numbered_cubes_day1/cube_20261006_065424_672499.jpg,2026-10-06T06:54:24.672-07:00,numbered_cubes_day1,fixed_rigid,scan_up,,1,640,480
dataset/raw/numbered_cubes_day1/cube_20261006_065425_150268.jpg,2026-10-06T06:54:25.150-07:00,numbered_cubes_day1,fixed_rigid,scan_up,,1,640,480
dataset/raw/numbered_cubes_day1/cube_20261006_065425_719120.jpg,2026-10-06T06:54:25.719-07:00,numbered_cubes_day1,fixed_rigid,scan_up,,1,640,480
dataset/raw/numbered_cubes_day1/cube_20261006_065426_077321.jpg,2026-10-06T06:54:26.077-07:00,numbered_cubes_day1,fixed_rigid,scan_up,,1,640,480
dataset/raw/numbered_cubes_day1/cube_20261006_065426_271876.jpg,2026-10-06T06:54:26.271-07:00,numbered_cubes_day1,fixed_rigid,scan_up,,1,640,480
dataset/raw/numbered_cubes_day1/cube_20261006_065426_478369.jpg,2026-10-06T06:54:26.478-07:00,numbered_cubes_day1,fixed_rigid,scan_up,,1,640,480
dataset/raw/numbered_cubes_day1/cube_20261006_065426_739126.jpg,2026-10-06T06:54:26.739-07:00,numbered_cubes_day1,fixed_rigid,scan_up,,1,640,480
dataset/raw/numbered_cubes_day1/cube_20261006_065426_940761.jpg,2026-10-06T06:54:26.940-07:00,numbered_cubes_day1,fixed_rigid,scan_up,,1,640,480
dataset/raw/numbered_cubes_day1/cube_20261006_065427_219775.jpg,2026-10-06T06:54:27.219-07:00,numbered_cubes_day1,fixed_rigid,scan_up,,1,640,480
dataset/raw/numbered_cubes_day1/cube_20261006_065427_388435.jpg,2026-10-06T06:54:27.388-07:00,numbered_cubes_day1,fixed_rigid,scan_up,,1,640,480
dataset/raw/numbered_cubes_day1/cube_20261006_065427_676130.jpg,2026-10-06T06:54:27.676-07:00,numbered_cubes_day1,fixed_rigid,scan_up,,1,640,480
dataset/raw/numbered_cubes_day1/cube_20261006_065427_968150.jpg,2026-10-06T06:54:27.968-07:00,numbered_cubes_day1,fixed_rigid,scan_up,,1,640,480
dataset/raw/numbered_cubes_day1/cube_20261006_065428_144926.jpg,2026-10-06T06:54:28.144-07:00,numbered_cubes_day1,fixed_rigid,scan_up,,1,640,480
dataset/raw/numbered_cubes_day1/cube_20261006_065428_430738.jpg,2026-10-06T06:54:28.430-07:00,numbered_cubes_day1,fixed_rigid,scan_up,,1,640,480
dataset/raw/numbered_cubes_day1/cube_20261006_065428_626345.jpg,2026-10-06T06:54:28.626-07:00,numbered_cubes_day1,fixed_rigid,scan_up,,1,640,480
dataset/raw/numbered_cubes_day1/cube_20261006_065428_991982.jpg,2026-10-06T06:54:28.991-07:00,numbered_cubes_day1,fixed_rigid,scan_up,,1,640,480
dataset/raw/numbered_cubes_day1/cube_20261006_065429_184160.jpg,2026-10-06T06:54:29.184-07:00,numbered_cubes_day1,fixed_rigid,scan_up,,1,640,480
dataset/raw/numbered_cubes_day1/cube_20261006_065429_376434.jpg,2026-10-06T06:54:29.376-07:00,numbered_cubes_day1,fixed_rigid,scan_up,,1,640,480
dataset/raw/numbered_cubes_day1/cube_20261006_065429_477219.jpg,2026-10-06T06:54:29.477-07:00,numbered_cubes_day1,fixed_rigid,scan_up,,1,640,480
dataset/raw/numbered_cubes_day1/cube_20261006_065435_103129.jpg,2026-10-06T06:54:35.103-07:00,numbered_cubes_day1,fixed_rigid,scan_up,,1,640,480
dataset/raw/numbered_cubes_day1/cube_20261006_065435_489937.jpg,2026-10-06T06:54:35.489-07:00,numbered_cubes_day1,fixed_rigid,scan_up,,1,640,480
dataset/raw/numbered_cubes_day1/cube_20261006_065435_667679.jpg,2026-10-06T06:54:35.667-07:00,numbered_cubes_day1,fixed_rigid,scan_up,,1,640,480
dataset/raw/numbered_cubes_day1/cube_20261006_065435_850318.jpg,2026-10-06T06:54:35.850-07:00,numbered_cubes_day1,fixed_rigid,scan_up,,1,640,480
dataset/raw/numbered_cubes_day1/cube_20261006_065436_129266.jpg,2026-10-06T06:54:36.129-07:00,numbered_cubes_day1,fixed_rigid,scan_up,,1,640,480
dataset/raw/numbered_cubes_day1/cube_20261006_065436_512323.jpg,2026-10-06T06:54:36.512-07:00,numbered_cubes_day1,fixed_rigid,scan_up,,1,640,480
dataset/raw/numbered_cubes_day1/cube_20261006_065436_688467.jpg,2026-10-06T06:54:36.688-07:00,numbered_cubes_day1,fixed_rigid,scan_up,,1,640,480
dataset/raw/numbered_cubes_day1/cube_20261006_065441_106356.jpg,2026-10-06T06:54:41.106-07:00,numbered_cubes_day1,fixed_rigid,scan_up,,1,640,480
dataset/raw/numbered_cubes_day1/cube_20261006_065441_202587.jpg,2026-10-06T06:54:41.202-07:00,numbered_cubes_day1,fixed_rigid,scan_up,,1,640,480
dataset/raw/numbered_cubes_day1/cube_20261006_065441_392835.jpg,2026-10-06T06:54:41.392-07:00,numbered_cubes_day1,fixed_rigid,scan_up,,1,640,480
dataset/raw/numbered_cubes_day1/cube_20261006_065441_854216.jpg,2026-10-06T06:54:41.854-07:00,numbered_cubes_day1,fixed_rigid,scan_up,,1,640,480
dataset/raw/numbered_cubes_day1/cube_20261006_065442_144066.jpg,2026-10-06T06:54:42.144-07:00,numbered_cubes_day1,fixed_rigid,scan_up,,1,640,480
dataset/raw/numbered_cubes_day1/cube_20261006_065442_607918.jpg,2026-10-06T06:54:42.607-07:00,numbered_cubes_day1,fixed_rigid,scan_up,,1,640,480
dataset/raw/numbered_cubes_day1/cube_20261006_065443_073110.jpg,2026-10-06T06:54:43.073-07:00,numbered_cubes_day1,fixed_rigid,scan_up,,1,640,480
dataset/raw/numbered_cubes_day1/cube_20261006_065443_350323.jpg,2026-10-06T06:54:43.350-07:00,numbered_cubes_day1,fixed_rigid,scan_up,,1,640,480
dataset/raw/numbered_cubes_day1/cube_20261006_065443_475640.jpg,2026-10-06T06:54:43.475-07:00,numbered_cubes_day1,fixed_rigid,scan_up,,1,640,480
dataset/raw/numbered_cubes_day1/cube_20261006_065443_634795.jpg,2026-10-06T06:54:43.634-07:00,numbered_cubes_day1,fixed_rigid,scan_up,,1,640,480
dataset/raw/numbered_cubes_day1/cube_20261006_065447_961773.jpg,2026-10-06T06:54:47.961-07:00,numbered_cubes_day1,fixed_rigid,scan_up,,1,640,480
dataset/raw/numbered_cubes_day1/cube_20261006_065448_151680.jpg,2026-10-06T06:54:48.151-07:00,numbered_cubes_day1,fixed_rigid,scan_up,,1,640,480
dataset/raw/numbered_cubes_day1/cube_20261006_065448_337327.jpg,2026-10-06T06:54:48.337-07:00,numbered_cubes_day1,fixed_rigid,scan_up,,1,640,480
dataset/raw/numbered_cubes_day1/cube_20261006_065448_432835.jpg,2026-10-06T06:54:48.432-07:00,numbered_cubes_day1,fixed_rigid,scan_up,,1,640,480
dataset/raw/numbered_cubes_day1/cube_20261006_065448_698784.jpg,2026-10-06T06:54:48.698-07:00,numbered_cubes_day1,fixed_rigid,scan_up,,1,640,480
dataset/raw/numbered_cubes_day1/cube_20261006_065448_991173.jpg,2026-10-06T06:54:48.991-07:00,numbered_cubes_day1,fixed_rigid,scan_up,,1,640,480
dataset/raw/numbered_cubes_day1/cube_20261006_065449_193268.jpg,2026-10-06T06:54:49.193-07:00,numbered_cubes_day1,fixed_rigid,scan_up,,1,640,480
dataset/raw/numbered_cubes_day1/cube_20261006_065449_454240.jpg,2026-10-06T06:54:49.454-07:00,numbered_cubes_day1,fixed_rigid,scan_up,,1,640,480
dataset/raw/numbered_cubes_day1/cube_20261006_065449_854127.jpg,2026-10-06T06:54:49.854-07:00,numbered_cubes_day1,fixed_rigid,scan_up,,1,640,480
dataset/raw/numbered_cubes_day1/cube_20261006_065450_102238.jpg,2026-10-06T06:54:50.102-07:00,numbered_cubes_day1,fixed_rigid,scan_up,,1,640,480
dataset/raw/numbered_cubes_day1/cube_20261006_065450_304102.jpg,2026-10-06T06:54:50.304-07:00,numbered_cubes_day1,fixed_rigid,scan_up,,1,640,480
dataset/raw/numbered_cubes_day1/cube_20261006_065450_586042.jpg,2026-10-06T06:54:50.586-07:00,numbered_cubes_day1,fixed_rigid,scan_up,,1,640,480
dataset/raw/numbered_cubes_day1/cube_20261006_065450_960811.jpg,2026-10-06T06:54:50.960-07:00,numbered_cubes_day1,fixed_rigid,scan_up,,1,640,480
dataset/raw/numbered_cubes_day1/cube_20261006_065451_056941.jpg,2026-10-06T06:54:51.056-07:00,numbered_cubes_day1,fixed_rigid,scan_up,,1,640,480
dataset/raw/numbered_cubes_day1/cube_20261006_065500_091977.jpg,2026-10-06T06:55:00.091-07:00,numbered_cubes_day1,fixed_rigid,scan_up,,1,640,480
dataset/raw/numbered_cubes_day1/cube_20261006_065500_487245.jpg,2026-10-06T06:55:00.487-07:00,numbered_cubes_day1,fixed_rigid,scan_up,,1,640,480
dataset/raw/numbered_cubes_day1/cube_20261006_065501_611200.jpg,2026-10-06T06:55:01.611-07:00,numbered_cubes_day1,fixed_rigid,scan_up,,1,640,480
dataset/raw/numbered_cubes_day1/cube_20261006_065502_130208.jpg,2026-10-06T06:55:02.130-07:00,numbered_cubes_day1,fixed_rigid,scan_up,,1,640,480
dataset/raw/numbered_cubes_day1/cube_20261006_065502_381834.jpg,2026-10-06T06:55:02.381-07:00,numbered_cubes_day1,fixed_rigid,scan_up,,1,640,480
dataset/raw/numbered_cubes_day1/cube_20261006_065502_527371.jpg,2026-10-06T06:55:02.527-07:00,numbered_cubes_day1,fixed_rigid,scan_up,,1,640,480
dataset/raw/numbered_cubes_day1/cube_20261006_065502_703422.jpg,2026-10-06T06:55:02.703-07:00,numbered_cubes_day1,fixed_rigid,scan_up,,1,640,480
dataset/raw/numbered_cubes_day1/cube_20261006_065506_050969.jpg,2026-10-06T06:55:06.050-07:00,numbered_cubes_day1,fixed_rigid,scan_up,,1,640,480
dataset/raw/numbered_cubes_day1/cube_20261006_065506_239434.jpg,2026-10-06T06:55:06.239-07:00,numbered_cubes_day1,fixed_rigid,scan_up,,1,640,480
dataset/raw/numbered_cubes_day1/cube_20261006_065509_214310.jpg,2026-10-06T06:55:09.214-07:00,numbered_cubes_day1,fixed_rigid,scan_up,,1,640,480
dataset/raw/numbered_cubes_day1/cube_20261006_065509_470241.jpg,2026-10-06T06:55:09.470-07:00,numbered_cubes_day1,fixed_rigid,scan_up,,1,640,480
dataset/raw/numbered_cubes_day1/cube_20261006_065509_661516.jpg,2026-10-06T06:55:09.661-07:00,numbered_cubes_day1,fixed_rigid,scan_up,,1,640,480
dataset/raw/numbered_cubes_day1/cube_20261006_065509_787831.jpg,2026-10-06T06:55:09.787-07:00,numbered_cubes_day1,fixed_rigid,scan_up,,1,640,480
dataset/raw/numbered_cubes_day1/cube_20261006_065512_016853.jpg,2026-10-06T06:55:12.016-07:00,numbered_cubes_day1,fixed_rigid,scan_up,,1,640,480
dataset/raw/numbered_cubes_day1/cube_20261006_065512_205819.jpg,2026-10-06T06:55:12.205-07:00,numbered_cubes_day1,fixed_rigid,scan_up,,1,640,480
dataset/raw/numbered_cubes_day1/cube_20261006_065512_333522.jpg,2026-10-06T06:55:12.333-07:00,numbered_cubes_day1,fixed_rigid,scan_up,,1,640,480
dataset/raw/numbered_cubes_day1/cube_20261006_065519_271312.jpg,2026-10-06T06:55:19.271-07:00,numbered_cubes_day1,fixed_rigid,scan_up,,1,640,480
dataset/raw/numbered_cubes_day1/cube_20261006_065519_448389.jpg,2026-10-06T06:55:19.448-07:00,numbered_cubes_day1,fixed_rigid,scan_up,,1,640,480
dataset/raw/numbered_cubes_day1/cube_20261006_065519_589259.jpg,2026-10-06T06:55:19.589-07:00,numbered_cubes_day1,fixed_rigid,scan_up,,1,640,480
dataset/raw/numbered_cubes_day1/cube_20261006_065523_627306.jpg,2026-10-06T06:55:23.627-07:00,numbered_cubes_day1,fixed_rigid,scan_up,,1,640,480
dataset/raw/numbered_cubes_day1/cube_20261006_065525_960705.jpg,2026-10-06T06:55:25.960-07:00,numbered_cubes_day1,fixed_rigid,scan_up,,1,640,480
dataset/raw/numbered_cubes_day1/cube_20261006_065526_292457.jpg,2026-10-06T06:55:26.292-07:00,numbered_cubes_day1,fixed_rigid,scan_up,,1,640,480
dataset/raw/numbered_cubes_day1/cube_20261006_065526_476217.jpg,2026-10-06T06:55:26.476-07:00,numbered_cubes_day1,fixed_rigid,scan_up,,1,640,480
dataset/raw/numbered_cubes_day1/cube_20261006_065537_617027.jpg,2026-10-06T06:55:37.617-07:00,numbered_cubes_day1,fixed_rigid,scan_up,,1,640,480
dataset/raw/numbered_cubes_day1/cube_20261006_065541_452736.jpg,2026-10-06T06:55:41.452-07:00,numbered_cubes_day1,fixed_rigid,scan_up,,1,640,480
dataset/raw/numbered_cubes_day1/cube_20261006_065549_228512.jpg,2026-10-06T06:55:49.228-07:00,numbered_cubes_day1,fixed_rigid,scan_up,,1,640,480
dataset/raw/numbered_cubes_day1/cube_20261006_065556_861151.jpg,2026-10-06T06:55:56.861-07:00,numbered_cubes_day1,fixed_rigid,scan_up,,1,640,480
dataset/raw/numbered_cubes_day1/cube_20261006_065558_976343.jpg,2026-10-06T06:55:58.976-07:00,numbered_cubes_day1,fixed_rigid,scan_up,,1,640,480
dataset/raw/numbered_cubes_day1/cube_20261006_065602_026104.jpg,2026-10-06T06:56:02.026-07:00,numbered_cubes_day1,fixed_rigid,scan_up,,1,640,480
dataset/raw/numbered_cubes_day1/cube_20261006_065602_662861.jpg,2026-10-06T06:56:02.662-07:00,numbered_cubes_day1,fixed_rigid,scan_up,,1,640,480
dataset/raw/numbered_cubes_day1/cube_20261006_065603_351370.jpg,2026-10-06T06:56:03.351-07:00,numbered_cubes_day1,fixed_rigid,scan_up,,1,640,480
