epoch,stage,lr,train_loss,train_accuracy,train_macro_precision,train_macro_recall,train_macro_f1,train_weighted_f1,train_n,val_loss,val_accuracy,val_macro_precision,val_macro_recall,val_macro_f1,val_weighted_f1,val_n,val_rotated_macro_f1,selection_score
1,head,0.001,0.9237361692946628,0.6452674643944754,0.634764272913488,0.6459600063687709,0.6394599291739891,0.6420851862105978,325090,1.4887910226780734,0.5214388489208633,0.5737597818527085,0.5447770265923276,0.5122536867585126,0.5262367563200161,6950,0.5323670617754239,0.5223103742669682
2,head,0.001,0.8062343977760479,0.6873542711249192,0.6819712337397287,0.6916231836710419,0.6861232968566338,0.6851448386197622,325090,1.7135033649334805,0.49381294964028777,0.5576106555042574,0.5375405019063558,0.4656853756260083,0.4736375808138204,6950,0.5329436708242802,0.49931452322514425
3,head,0.001,0.7721899745846349,0.7015626441908395,0.6974781571200179,0.706460594683773,0.7013784137454641,0.69955655073716,325090,1.3699819731197769,0.5562589928057554,0.5830014785921692,0.5829856408916567,0.5432347041273896,0.5543857192776469,6950,0.5682778627827583,0.555756283455074
4,full,0.0002,0.444728790888648,0.8407179550278384,0.8437527571107551,0.8483830436401169,0.8458278786912125,0.8405215852269972,325090,0.5941088895317462,0.8166906474820144,0.8083215637718475,0.8305993965082182,0.8089037281775567,0.8153581387228052,6950,0.8232113669499146,0.8160575475637357
5,full,0.0002,0.1975111821109841,0.9325540619520748,0.9346358876209224,0.935870882536076,0.9352278345059657,0.9325643635083248,325090,0.5881406589549223,0.814388489208633,0.812983994906088,0.8346415542160301,0.8069021215014823,0.8170881796668407,6950,0.8731973791934724,0.8400497503474773
6,full,0.0002,0.15236602773184982,0.9490233473807254,0.9505151997982626,0.9515217110010795,0.951007389712295,0.9490217760483002,325090,0.5080649401301103,0.8458992805755395,0.8408849210373524,0.8647544407228832,0.8401140002417377,0.8491669386292877,6950,0.8678729008755462,0.853993450558642
7,full,0.0002,0.13039488000460922,0.956701221200283,0.958275458608108,0.9589461816885603,0.9586052569310946,0.9566936633281198,325090,0.5371210406667037,0.8371223021582734,0.8399146774314559,0.8614677521084022,0.8353811255258863,0.8407971878619572,6950,0.8794222016529206,0.8574016635894035
8,full,0.0002,0.11620206596348315,0.962075117659725,0.9634056139195406,0.9639891534710874,0.9636936151712844,0.962062896336445,325090,0.46916265463657514,0.8663309352517986,0.8577087807530944,0.8826558734993515,0.8614986690849806,0.8683846258069118,6950,0.9027507726780846,0.8821247208815326
9,full,0.0002,0.10581633669846963,0.9656187517302901,0.9668876796498754,0.9673547842628099,0.9671183597101416,0.9656112126809795,325090,0.39474810819831685,0.8814388489208633,0.8720376040445919,0.8925182254009691,0.876336989402839,0.8826776763588311,6950,0.9009281879242991,0.8886325886635691
10,full,0.0002,0.09795955076225608,0.9680919130087052,0.9691622128976867,0.9696617299933937,0.969409434069221,0.9680852961229874,325090,0.3351794028110641,0.8939568345323741,0.8822655960616098,0.9054066654834904,0.8906520470351149,0.8945149139761684,6950,0.9321145268392442,0.9113832869371796
11,full,0.0002,0.09265002688234458,0.9698668061152296,0.9710103500534283,0.971468513885531,0.9712373044931881,0.9698614316659212,325090,0.45105137078882124,0.8700719424460431,0.8601181211031665,0.8895625187531474,0.8656271284328545,0.8719244767958568,6950,0.9293943749647419,0.8975107516987981
12,full,0.0002,0.08787748574433175,0.971641699221754,0.9727071711578397,0.9730940952172181,0.9728984966022056,0.9716383958355662,325090,0.47791394015867933,0.8528057553956835,0.8485024402435097,0.8769182750105295,0.8507223066847869,0.8547536717970841,6950,0.9138923008455718,0.8823073037651794
13,full,0.0001,0.08294429061712329,0.9731028330616137,0.9741466286975976,0.9745298354120597,0.974336678530942,0.9730961311000279,325090,0.5707682364621608,0.8279136690647482,0.8310465746906038,0.8593237071717775,0.8269745450579681,0.8315703979938286,6950,0.8932215603725524,0.8600980527152602
14,full,0.0001,0.0729879077972806,0.9765634132086499,0.9776307650681566,0.9779824258338262,0.9778054262300916,0.9765590916674929,325090,0.4474439464713172,0.8775539568345324,0.8694191737645628,0.8964342355271077,0.8740956773838684,0.8799275278620413,6950,0.9370289132324124,0.9055622953081404
15,full,0.0001,0.06934219592009179,0.9776369620720415,0.9787250116578361,0.9789476223615112,0.978835610799434,0.9776335953054067,325090,0.3924836595452947,0.8883453237410072,0.8764325158505883,0.9046160347647545,0.883598947631512,0.8902629221166205,6950,0.9342285217456284,0.9089137346885703
