image,split,status,cube_count
cube_20261006_064922_399731.jpg,train,reviewed,2
cube_20261006_064932_942192.jpg,train,reviewed,4
cube_20261006_064939_197326.jpg,train,reviewed,4
cube_20261006_064940_071072.jpg,train,reviewed,3
cube_20261006_064942_338399.jpg,train,reviewed,4
cube_20261006_064942_816388.jpg,train,reviewed,3
cube_20261006_064943_575842.jpg,train,reviewed,2
cube_20261006_064944_425185.jpg,train,reviewed,4
cube_20261006_064946_128273.jpg,train,reviewed,4
cube_20261006_064947_967635.jpg,train,reviewed,4
cube_20261006_064949_935494.jpg,train,reviewed,4
cube_20261006_064952_991666.jpg,train,reviewed,4
cube_20261006_064955_487824.jpg,train,reviewed,4
cube_20261006_064958_155989.jpg,train,reviewed,4
cube_20261006_065003_596887.jpg,train,reviewed,4
cube_20261006_065004_153968.jpg,train,reviewed,4
cube_20261006_065004_637597.jpg,train,reviewed,4
cube_20261006_065005_258139.jpg,train,reviewed,4
cube_20261006_065005_709289.jpg,train,reviewed,4
cube_20261006_065006_411544.jpg,train,reviewed,4
cube_20261006_065006_844682.jpg,train,reviewed,4
cube_20261006_065007_245866.jpg,train,reviewed,4
cube_20261006_065007_644116.jpg,train,reviewed,4
cube_20261006_065007_978126.jpg,train,reviewed,4
cube_20261006_065008_349096.jpg,train,reviewed,4
cube_20261006_065008_758043.jpg,train,reviewed,4
cube_20261006_065009_099556.jpg,train,reviewed,4
cube_20261006_065009_448627.jpg,train,reviewed,4
cube_20261006_065009_840586.jpg,train,reviewed,4
cube_20261006_065010_062831.jpg,train,reviewed,4
cube_20261006_065010_312948.jpg,train,reviewed,4
cube_20261006_065010_590992.jpg,train,reviewed,4
cube_20261006_065010_792739.jpg,train,reviewed,4
cube_20261006_065011_102448.jpg,train,reviewed,4
cube_20261006_065011_293097.jpg,train,reviewed,4
cube_20261006_065011_534182.jpg,train,reviewed,4
cube_20261006_065011_840608.jpg,train,reviewed,4
cube_20261006_065012_139797.jpg,train,reviewed,4
cube_20261006_065012_394182.jpg,train,reviewed,4
cube_20261006_065012_634499.jpg,train,reviewed,4
cube_20261006_065012_876545.jpg,train,reviewed,4
cube_20261006_065013_278313.jpg,train,reviewed,4
cube_20261006_065013_516003.jpg,train,reviewed,4
cube_20261006_065013_807925.jpg,train,reviewed,4
cube_20261006_065014_220910.jpg,train,reviewed,4
cube_20261006_065014_476608.jpg,train,reviewed,4
cube_20261006_065014_712768.jpg,train,reviewed,4
cube_20261006_065014_992358.jpg,train,reviewed,5
cube_20261006_065015_253932.jpg,train,reviewed,4
cube_20261006_065015_517177.jpg,train,reviewed,4
cube_20261006_065015_786438.jpg,train,reviewed,4
cube_20261006_065016_454034.jpg,train,reviewed,4
cube_20261006_065016_866461.jpg,train,reviewed,4
cube_20261006_065017_132539.jpg,train,reviewed,4
cube_20261006_065017_432611.jpg,train,reviewed,4
cube_20261006_065017_722818.jpg,train,reviewed,4
cube_20261006_065018_236576.jpg,train,reviewed,4
cube_20261006_065018_539643.jpg,train,reviewed,4
cube_20261006_065018_812456.jpg,train,reviewed,4
cube_20261006_065019_071902.jpg,train,reviewed,4
cube_20261006_065019_343108.jpg,train,reviewed,4
cube_20261006_065019_581405.jpg,train,reviewed,4
cube_20261006_065019_852565.jpg,train,reviewed,4
cube_20261006_065020_103224.jpg,train,reviewed,4
cube_20261006_065020_320369.jpg,train,reviewed,4
cube_20261006_065020_588181.jpg,train,reviewed,4
cube_20261006_065020_782297.jpg,train,reviewed,4
cube_20261006_065021_034301.jpg,train,reviewed,4
cube_20261006_065021_298094.jpg,train,reviewed,4
cube_20261006_065021_534059.jpg,train,reviewed,4
cube_20261006_065021_724899.jpg,train,reviewed,4
cube_20261006_065021_961620.jpg,train,reviewed,4
cube_20261006_065022_189286.jpg,train,reviewed,4
cube_20261006_065022_396666.jpg,train,reviewed,4
cube_20261006_065022_613243.jpg,train,reviewed,4
cube_20261006_065022_856782.jpg,train,reviewed,4
cube_20261006_065023_071249.jpg,train,reviewed,4
cube_20261006_065023_342503.jpg,train,reviewed,4
cube_20261006_065023_612354.jpg,train,reviewed,4
cube_20261006_065023_870633.jpg,train,reviewed,4
cube_20261006_065024_173823.jpg,train,reviewed,4
cube_20261006_065024_380785.jpg,train,reviewed,4
cube_20261006_065024_604490.jpg,train,reviewed,4
cube_20261006_065024_815934.jpg,train,reviewed,4
cube_20261006_065025_052038.jpg,train,reviewed,4
cube_20261006_065025_245382.jpg,train,reviewed,4
cube_20261006_065025_520792.jpg,train,reviewed,4
cube_20261006_065025_754696.jpg,train,reviewed,4
cube_20261006_065025_981098.jpg,train,reviewed,4
cube_20261006_065026_190435.jpg,train,reviewed,4
cube_20261006_065026_461298.jpg,train,reviewed,4
cube_20261006_065026_695096.jpg,train,reviewed,4
cube_20261006_065026_956230.jpg,train,reviewed,4
cube_20261006_065027_294399.jpg,train,reviewed,4
cube_20261006_065027_599462.jpg,train,reviewed,4
cube_20261006_065027_868350.jpg,train,reviewed,4
cube_20261006_065028_105228.jpg,train,reviewed,4
cube_20261006_065032_670267.jpg,train,reviewed,4
cube_20261006_065033_893284.jpg,train,reviewed,4
cube_20261006_065034_530155.jpg,train,ai_reviewed,4
cube_20261006_065035_853965.jpg,train,ai_reviewed,4
cube_20261006_065038_896967.jpg,train,ai_reviewed,4
cube_20261006_065039_150979.jpg,train,ai_reviewed,4
cube_20261006_065040_914157.jpg,train,ai_reviewed,4
cube_20261006_065041_163077.jpg,train,ai_reviewed,4
cube_20261006_065043_711058.jpg,train,ai_reviewed,4
cube_20261006_065044_030518.jpg,train,ai_reviewed,4
cube_20261006_065044_350001.jpg,train,ai_reviewed,4
cube_20261006_065051_551248.jpg,train,ai_reviewed,4
cube_20261006_065051_870353.jpg,train,ai_reviewed,4
cube_20261006_065054_288301.jpg,train,ai_reviewed,4
cube_20261006_065056_335532.jpg,train,ai_reviewed,4
cube_20261006_065058_307981.jpg,train,ai_reviewed,4
cube_20261006_065100_098910.jpg,train,ai_reviewed,4
cube_20261006_065102_549919.jpg,train,ai_reviewed,4
cube_20261006_065104_427489.jpg,train,ai_reviewed,4
cube_20261006_065105_772451.jpg,train,ai_reviewed,4
cube_20261006_065107_536397.jpg,train,ai_reviewed,4
cube_20261006_065107_919604.jpg,train,ai_reviewed,4
cube_20261006_065110_511281.jpg,train,ai_reviewed,4
cube_20261006_065112_523332.jpg,train,ai_reviewed,4
cube_20261006_065113_054059.jpg,train,ai_reviewed,4
cube_20261006_065113_325798.jpg,train,ai_reviewed,4
cube_20261006_065113_565066.jpg,train,ai_reviewed,4
cube_20261006_065113_808024.jpg,train,ai_reviewed,4
cube_20261006_065114_093116.jpg,train,ai_reviewed,4
cube_20261006_065114_364181.jpg,train,ai_reviewed,4
cube_20261006_065114_640572.jpg,train,ai_reviewed,4
cube_20261006_065114_909290.jpg,train,ai_reviewed,4
cube_20261006_065115_182749.jpg,train,ai_reviewed,4
cube_20261006_065115_432255.jpg,train,ai_reviewed,4
cube_20261006_065115_709542.jpg,train,ai_reviewed,4
cube_20261006_065115_982510.jpg,train,ai_reviewed,4
cube_20261006_065116_222617.jpg,train,ai_reviewed,4
cube_20261006_065116_475165.jpg,train,ai_reviewed,4
cube_20261006_065116_845773.jpg,train,ai_reviewed,4
cube_20261006_065117_086327.jpg,train,ai_reviewed,4
cube_20261006_065117_448676.jpg,train,ai_reviewed,4
cube_20261006_065119_431885.jpg,train,ai_reviewed,4
cube_20261006_065119_900546.jpg,train,ai_reviewed,4
cube_20261006_065122_153328.jpg,train,ai_reviewed,4
cube_20261006_065122_684978.jpg,train,ai_reviewed,4
cube_20261006_065123_051304.jpg,train,ai_reviewed,4
cube_20261006_065123_662364.jpg,train,ai_reviewed,4
cube_20261006_065123_965077.jpg,train,ai_reviewed,4
cube_20261006_065124_335411.jpg,train,ai_reviewed,4
cube_20261006_065124_732264.jpg,train,ai_reviewed,4
cube_20261006_065125_040353.jpg,train,ai_reviewed,4
cube_20261006_065125_341964.jpg,train,ai_reviewed,4
cube_20261006_065125_647343.jpg,train,ai_reviewed,4
cube_20261006_065125_983938.jpg,train,ai_reviewed,4
cube_20261006_065126_226682.jpg,train,ai_reviewed,4
cube_20261006_065126_782913.jpg,train,ai_reviewed,4
cube_20261006_065127_315202.jpg,train,ai_reviewed,4
cube_20261006_065129_029801.jpg,train,ai_reviewed,4
cube_20261006_065129_280195.jpg,train,ai_reviewed,4
cube_20261006_065131_314147.jpg,train,ai_reviewed,4
cube_20261006_065133_222215.jpg,train,ai_reviewed,4
cube_20261006_065133_468595.jpg,train,ai_reviewed,4
cube_20261006_065135_118985.jpg,train,ai_reviewed,4
cube_20261006_065135_430995.jpg,train,ai_reviewed,4
cube_20261006_065138_687904.jpg,train,ai_reviewed,4
cube_20261006_065139_240336.jpg,train,ai_reviewed,4
cube_20261006_065139_695127.jpg,train,ai_reviewed,4
cube_20261006_065142_127498.jpg,train,ai_reviewed,4
cube_20261006_065144_415281.jpg,train,ai_reviewed,4
cube_20261006_065145_073975.jpg,train,ai_reviewed,4
cube_20261006_065145_821286.jpg,train,ai_reviewed,4
cube_20261006_065148_176365.jpg,train,ai_reviewed,4
cube_20261006_065148_586459.jpg,train,ai_reviewed,4
cube_20261006_065149_135186.jpg,train,ai_reviewed,4
cube_20261006_065150_918306.jpg,train,ai_reviewed,4
cube_20261006_065155_057833.jpg,train,ai_reviewed,4
cube_20261006_065157_198635.jpg,train,ai_reviewed,4
cube_20261006_065157_391405.jpg,train,ai_reviewed,4
cube_20261006_065157_775930.jpg,train,ai_reviewed,4
cube_20261006_065158_090679.jpg,train,ai_reviewed,4
cube_20261006_065202_862607.jpg,train,ai_reviewed,4
cube_20261006_065205_349112.jpg,train,ai_reviewed,4
cube_20261006_065206_045404.jpg,train,ai_reviewed,4
cube_20261006_065207_264885.jpg,train,ai_reviewed,4
cube_20261006_065212_602248.jpg,train,ai_reviewed,4
cube_20261006_065213_042053.jpg,train,ai_reviewed,4
cube_20261006_065213_225779.jpg,train,ai_reviewed,4
cube_20261006_065213_672608.jpg,train,ai_reviewed,4
cube_20261006_065217_901700.jpg,train,ai_reviewed,4
cube_20261006_065218_316568.jpg,train,ai_reviewed,4
cube_20261006_065218_608793.jpg,train,ai_reviewed,4
cube_20261006_065218_876789.jpg,train,ai_reviewed,4
cube_20261006_065219_215435.jpg,train,ai_reviewed,4
cube_20261006_065219_418795.jpg,train,ai_reviewed,4
cube_20261006_065219_651133.jpg,train,ai_reviewed,4
cube_20261006_065219_885315.jpg,train,ai_reviewed,4
cube_20261006_065220_185276.jpg,train,ai_reviewed,4
cube_20261006_065220_460454.jpg,train,ai_reviewed,4
cube_20261006_065220_690174.jpg,train,ai_reviewed,4
cube_20261006_065220_922658.jpg,train,ai_reviewed,4
cube_20261006_065221_164050.jpg,train,ai_reviewed,4
cube_20261006_065221_407535.jpg,train,ai_reviewed,4
cube_20261006_065221_664250.jpg,train,ai_reviewed,4
cube_20261006_065221_835805.jpg,train,ai_reviewed,4
cube_20261006_065222_107348.jpg,train,ai_reviewed,4
cube_20261006_065222_331094.jpg,train,ai_reviewed,4
cube_20261006_065222_573361.jpg,train,ai_reviewed,4
cube_20261006_065222_812624.jpg,train,ai_reviewed,4
cube_20261006_065223_031014.jpg,train,ai_reviewed,4
cube_20261006_065223_276547.jpg,train,ai_reviewed,4
cube_20261006_065223_485440.jpg,train,ai_reviewed,4
cube_20261006_065223_742614.jpg,train,ai_reviewed,4
cube_20261006_065223_917446.jpg,train,ai_reviewed,4
cube_20261006_065224_220818.jpg,train,ai_reviewed,4
cube_20261006_065224_442532.jpg,train,ai_reviewed,4
cube_20261006_065224_684434.jpg,train,ai_reviewed,4
cube_20261006_065224_954666.jpg,train,ai_reviewed,4
cube_20261006_065225_196381.jpg,train,ai_reviewed,4
cube_20261006_065225_420476.jpg,train,ai_reviewed,4
cube_20261006_065225_662409.jpg,train,ai_reviewed,4
cube_20261006_065225_902479.jpg,train,ai_reviewed,4
cube_20261006_065226_121996.jpg,train,ai_reviewed,4
cube_20261006_065226_364363.jpg,train,ai_reviewed,4
cube_20261006_065226_576192.jpg,train,ai_reviewed,4
cube_20261006_065226_858272.jpg,train,ai_reviewed,4
cube_20261006_065227_068132.jpg,train,ai_reviewed,4
cube_20261006_065233_278269.jpg,train,ai_reviewed,4
cube_20261006_065235_763349.jpg,train,ai_reviewed,4
cube_20261006_065240_671639.jpg,train,ai_reviewed,4
cube_20261006_065242_187792.jpg,train,ai_reviewed,4
cube_20261006_065244_647386.jpg,train,ai_reviewed,4
cube_20261006_065245_931467.jpg,train,ai_reviewed,4
cube_20261006_065246_257269.jpg,train,ai_reviewed,4
cube_20261006_065246_451329.jpg,train,ai_reviewed,4
cube_20261006_065246_702516.jpg,train,ai_reviewed,4
cube_20261006_065248_736663.jpg,train,ai_reviewed,3
cube_20261006_065251_312732.jpg,train,ai_reviewed,4
cube_20261006_065251_505470.jpg,train,ai_reviewed,4
cube_20261006_065253_425588.jpg,train,ai_reviewed,4
cube_20261006_065253_632893.jpg,train,ai_reviewed,4
cube_20261006_065255_451247.jpg,train,ai_reviewed,4
cube_20261006_065255_777559.jpg,train,ai_reviewed,4
cube_20261006_065256_600893.jpg,train,ai_reviewed,4
cube_20261006_065256_991384.jpg,train,ai_reviewed,4
cube_20261006_065257_182316.jpg,train,ai_reviewed,4
cube_20261006_065257_375532.jpg,train,ai_reviewed,4
cube_20261006_065258_247069.jpg,train,ai_reviewed,4
cube_20261006_065258_440139.jpg,train,ai_reviewed,4
cube_20261006_065301_407568.jpg,train,ai_reviewed,4
cube_20261006_065301_612297.jpg,train,ai_reviewed,4
cube_20261006_065301_807030.jpg,train,ai_reviewed,4
cube_20261006_065301_950835.jpg,train,ai_reviewed,4
cube_20261006_065302_111634.jpg,train,ai_reviewed,4
cube_20261006_065305_787189.jpg,train,ai_reviewed,4
cube_20261006_065305_949030.jpg,train,ai_reviewed,4
cube_20261006_065306_155449.jpg,train,ai_reviewed,4
cube_20261006_065306_334103.jpg,train,ai_reviewed,4
cube_20261006_065306_525020.jpg,train,ai_reviewed,4
cube_20261006_065306_769048.jpg,train,ai_reviewed,4
cube_20261006_065307_025823.jpg,train,ai_reviewed,4
cube_20261006_065307_264094.jpg,train,ai_reviewed,4
cube_20261006_065307_479248.jpg,train,ai_reviewed,4
cube_20261006_065307_694069.jpg,train,ai_reviewed,4
cube_20261006_065307_936222.jpg,train,ai_reviewed,4
cube_20261006_065308_124392.jpg,train,ai_reviewed,4
cube_20261006_065308_311847.jpg,train,ai_reviewed,4
cube_20261006_065314_224240.jpg,train,ai_reviewed,4
cube_20261006_065314_417539.jpg,train,ai_reviewed,4
cube_20261006_065314_543304.jpg,train,ai_reviewed,4
cube_20261006_065316_381207.jpg,train,ai_reviewed,4
cube_20261006_065316_566359.jpg,train,ai_reviewed,4
cube_20261006_065316_712749.jpg,train,ai_reviewed,4
cube_20261006_065316_888685.jpg,train,ai_reviewed,4
cube_20261006_065402_942752.jpg,train,ai_reviewed,4
cube_20261006_065403_066511.jpg,train,ai_reviewed,4
cube_20261006_065403_264522.jpg,train,ai_reviewed,4
cube_20261006_065404_671348.jpg,train,ai_reviewed,4
cube_20261006_065405_948384.jpg,train,ai_reviewed,4
cube_20261006_065406_141420.jpg,train,ai_reviewed,4
cube_20261006_065406_301174.jpg,train,ai_reviewed,4
cube_20261006_065406_454101.jpg,train,ai_reviewed,4
cube_20261006_065406_632935.jpg,train,ai_reviewed,4
cube_20261006_065406_811360.jpg,train,ai_reviewed,4
cube_20261006_065406_972975.jpg,train,ai_reviewed,4
cube_20261006_065407_144995.jpg,train,ai_reviewed,4
cube_20261006_065407_448891.jpg,train,ai_reviewed,4
cube_20261006_065407_741413.jpg,train,ai_reviewed,4
cube_20261006_065407_947793.jpg,train,ai_reviewed,4
cube_20261006_065408_161773.jpg,train,ai_reviewed,4
cube_20261006_065408_381511.jpg,train,ai_reviewed,4
cube_20261006_065408_588240.jpg,train,ai_reviewed,4
cube_20261006_065408_826103.jpg,train,ai_reviewed,4
cube_20261006_065409_078768.jpg,train,ai_reviewed,4
cube_20261006_065409_292640.jpg,train,ai_reviewed,4
cube_20261006_065409_485992.jpg,train,ai_reviewed,4
cube_20261006_065409_694308.jpg,train,ai_reviewed,4
cube_20261006_065409_896121.jpg,train,ai_reviewed,4
cube_20261006_065410_125492.jpg,train,ai_reviewed,4
cube_20261006_065410_604421.jpg,train,ai_reviewed,4
cube_20261006_065410_797991.jpg,train,ai_reviewed,4
cube_20261006_065411_069146.jpg,train,ai_reviewed,4
cube_20261006_065411_374957.jpg,train,ai_reviewed,4
cube_20261006_065411_614399.jpg,train,ai_reviewed,4
cube_20261006_065411_918542.jpg,train,ai_reviewed,4
cube_20261006_065412_367622.jpg,train,ai_reviewed,4
cube_20261006_065412_624692.jpg,train,ai_reviewed,4
cube_20261006_065412_880832.jpg,train,ai_reviewed,4
cube_20261006_065413_101316.jpg,train,ai_reviewed,4
cube_20261006_065413_308007.jpg,train,ai_reviewed,4
cube_20261006_065413_501447.jpg,train,ai_reviewed,4
cube_20261006_065413_710708.jpg,train,ai_reviewed,4
cube_20261006_065414_006095.jpg,train,ai_reviewed,4
cube_20261006_065414_236696.jpg,train,ai_reviewed,4
cube_20261006_065414_571063.jpg,train,ai_reviewed,4
cube_20261006_065414_825283.jpg,train,ai_reviewed,4
cube_20261006_065415_045419.jpg,train,ai_reviewed,4
cube_20261006_065415_324679.jpg,train,ai_reviewed,4
cube_20261006_065418_559905.jpg,train,ai_reviewed,4
cube_20261006_065419_805989.jpg,train,ai_reviewed,4
cube_20261006_065420_062252.jpg,train,ai_reviewed,4
cube_20261006_065422_172821.jpg,train,ai_reviewed,4
cube_20261006_065422_749364.jpg,train,ai_reviewed,4
cube_20261006_065424_672499.jpg,train,ai_reviewed,4
cube_20261006_065425_150268.jpg,val,ai_reviewed,4
cube_20261006_065425_719120.jpg,val,ai_reviewed,4
cube_20261006_065426_077321.jpg,val,ai_reviewed,4
cube_20261006_065426_271876.jpg,val,ai_reviewed,4
cube_20261006_065426_478369.jpg,val,ai_reviewed,4
cube_20261006_065426_739126.jpg,val,ai_reviewed,4
cube_20261006_065426_940761.jpg,val,ai_reviewed,4
cube_20261006_065427_219775.jpg,val,ai_reviewed,4
cube_20261006_065427_388435.jpg,val,ai_reviewed,4
cube_20261006_065427_676130.jpg,val,ai_reviewed,4
cube_20261006_065427_968150.jpg,val,ai_reviewed,4
cube_20261006_065428_144926.jpg,val,ai_reviewed,4
cube_20261006_065428_430738.jpg,val,ai_reviewed,4
cube_20261006_065428_626345.jpg,val,ai_reviewed,4
cube_20261006_065428_991982.jpg,val,ai_reviewed,4
cube_20261006_065429_184160.jpg,val,ai_reviewed,4
cube_20261006_065429_376434.jpg,val,ai_reviewed,4
cube_20261006_065429_477219.jpg,val,ai_reviewed,4
cube_20261006_065435_103129.jpg,val,ai_reviewed,4
cube_20261006_065435_489937.jpg,val,ai_reviewed,4
cube_20261006_065435_667679.jpg,val,ai_reviewed,4
cube_20261006_065435_850318.jpg,val,ai_reviewed,4
cube_20261006_065436_129266.jpg,val,ai_reviewed,4
cube_20261006_065436_512323.jpg,val,ai_reviewed,4
cube_20261006_065436_688467.jpg,val,ai_reviewed,4
cube_20261006_065441_106356.jpg,val,ai_reviewed,4
cube_20261006_065441_202587.jpg,val,ai_reviewed,4
cube_20261006_065441_392835.jpg,val,ai_reviewed,4
cube_20261006_065441_854216.jpg,val,ai_reviewed,4
cube_20261006_065442_144066.jpg,val,ai_reviewed,4
cube_20261006_065442_607918.jpg,val,ai_reviewed,4
cube_20261006_065443_073110.jpg,val,ai_reviewed,4
cube_20261006_065443_350323.jpg,val,ai_reviewed,4
cube_20261006_065443_475640.jpg,val,ai_reviewed,4
cube_20261006_065443_634795.jpg,val,ai_reviewed,4
cube_20261006_065447_961773.jpg,val,ai_reviewed,4
cube_20261006_065448_151680.jpg,val,ai_reviewed,4
cube_20261006_065448_337327.jpg,val,ai_reviewed,4
cube_20261006_065448_432835.jpg,val,ai_reviewed,4
cube_20261006_065448_698784.jpg,val,ai_reviewed,4
cube_20261006_065448_991173.jpg,val,ai_reviewed,4
cube_20261006_065449_193268.jpg,val,ai_reviewed,4
cube_20261006_065449_454240.jpg,val,ai_reviewed,4
cube_20261006_065449_854127.jpg,val,ai_reviewed,4
cube_20261006_065450_102238.jpg,val,ai_reviewed,4
cube_20261006_065450_304102.jpg,val,ai_reviewed,4
cube_20261006_065450_586042.jpg,val,ai_reviewed,4
cube_20261006_065450_960811.jpg,val,ai_reviewed,4
cube_20261006_065451_056941.jpg,val,ai_reviewed,4
cube_20261006_065500_091977.jpg,val,ai_reviewed,4
cube_20261006_065500_487245.jpg,val,ai_reviewed,4
cube_20261006_065501_611200.jpg,val,ai_reviewed,3
cube_20261006_065502_130208.jpg,val,ai_reviewed,4
cube_20261006_065502_381834.jpg,val,ai_reviewed,4
cube_20261006_065502_527371.jpg,val,ai_reviewed,4
cube_20261006_065502_703422.jpg,val,ai_reviewed,4
cube_20261006_065506_050969.jpg,val,ai_reviewed,4
cube_20261006_065506_239434.jpg,val,ai_reviewed,4
cube_20261006_065509_214310.jpg,val,ai_reviewed,4
cube_20261006_065509_470241.jpg,val,ai_reviewed,4
cube_20261006_065509_661516.jpg,val,ai_reviewed,4
cube_20261006_065509_787831.jpg,val,ai_reviewed,4
cube_20261006_065512_016853.jpg,val,ai_reviewed,4
cube_20261006_065512_205819.jpg,val,ai_reviewed,4
cube_20261006_065512_333522.jpg,val,ai_reviewed,4
cube_20261006_065519_271312.jpg,val,ai_reviewed,4
cube_20261006_065519_448389.jpg,val,ai_reviewed,4
cube_20261006_065519_589259.jpg,val,ai_reviewed,4
cube_20261006_065523_627306.jpg,val,ai_reviewed,4
cube_20261006_065525_960705.jpg,val,ai_reviewed,4
cube_20261006_065526_292457.jpg,val,ai_reviewed,4
cube_20261006_065526_476217.jpg,val,ai_reviewed,4
cube_20261006_065537_617027.jpg,val,ai_reviewed,4
cube_20261006_065541_452736.jpg,val,ai_reviewed,4
cube_20261006_065549_228512.jpg,val,ai_reviewed,4
cube_20261006_065556_861151.jpg,val,ai_reviewed,4
cube_20261006_065558_976343.jpg,val,ai_reviewed,4
cube_20261006_065602_026104.jpg,val,ai_reviewed,4
cube_20261006_065602_662861.jpg,val,ai_reviewed,4
cube_20261006_065603_351370.jpg,val,ai_reviewed,4
