timestamp,scan_pose,joint_1,joint_2,joint_3,joint_4,fk_x,fk_y,fk_z,object_id,status,pixel_u,pixel_v,bbox_w,bbox_h,contour_area,provisional_x,provisional_y,nearest_edge,scan_cycle,frame_index
2026-09-23T11:35:44.313172+00:00,CENTER,0.08767187500001228,-20.039218750000003,-25.664140625000016,124.541,108.0069766918372,-0.16526839551717218,138.0277561646994,cube_1,VALID,466,296,49.3,65.9,2796.0,,,,20260923_143540,majority_5
2026-09-23T11:35:48.561265+00:00,LEFT,9.931671875000006,-20.039218750000003,-25.664140625000016,124.541,106.38852347882869,-18.628376197305457,138.0277561646994,cube_1,EDGE_RESCAN,8,7,15.0,19.0,243.0,,,TOP,20260923_143540,majority_5
2026-09-23T11:35:48.561414+00:00,LEFT,9.931671875000006,-20.039218750000003,-25.664140625000016,124.541,106.38852347882869,-18.628376197305457,138.0277561646994,cube_2,VALID,537,330,49.2,65.8,2716.0,,,,20260923_143540,majority_5
2026-09-23T11:35:52.847698+00:00,LEFT,19.863671874999994,-20.039218750000003,-25.664140625000016,124.541,101.58108596606898,-36.69900954668561,138.0277561646994,cube_1,EDGE_RESCAN,20,35,59.0,106.0,3086.5,,,LEFT,20260923_143540,majority_5
2026-09-23T11:35:52.847876+00:00,LEFT,19.863671874999994,-20.039218750000003,-25.664140625000016,124.541,101.58108596606898,-36.69900954668561,138.0277561646994,cube_2,EDGE_RESCAN,594,372,47.0,65.9,2526.5,,,RIGHT,20260923_143540,majority_5
2026-09-23T11:35:52.847938+00:00,LEFT,19.863671874999994,-20.039218750000003,-25.664140625000016,124.541,101.58108596606898,-36.69900954668561,138.0277561646994,cube_3,EDGE_RESCAN,597,43,95.0,103.0,7744.5,,,RIGHT,20260923_143540,majority_5
2026-09-23T11:35:57.121777+00:00,LEFT,9.931671875000006,-20.039218750000003,-25.664140625000016,124.541,106.38852347882869,-18.628376197305457,138.0277561646994,cube_1,EDGE_RESCAN,8,7,15.0,19.0,235.5,,,TOP,20260923_143540,majority_5
2026-09-23T11:35:57.121927+00:00,LEFT,9.931671875000006,-20.039218750000003,-25.664140625000016,124.541,106.38852347882869,-18.628376197305457,138.0277561646994,cube_2,VALID,537,330,49.4,65.7,2711.0,,,,20260923_143540,majority_5
2026-09-23T11:36:01.291241+00:00,CENTER,-0.00032812500001000444,-20.039218750000003,-25.664140625000016,124.541,108.00710313387276,0.000618541732365785,138.0277561646994,cube_1,EDGE_RESCAN,25,12,31.0,62.0,1364.0,,,TOP,20260923_143540,majority_5
2026-09-23T11:36:01.291390+00:00,CENTER,-0.00032812500001000444,-20.039218750000003,-25.664140625000016,124.541,108.00710313387276,0.000618541732365785,138.0277561646994,cube_2,VALID,465,296,49.5,65.5,2785.5,,,,20260923_143540,majority_5
2026-09-23T11:36:01.291456+00:00,CENTER,-0.00032812500001000444,-20.039218750000003,-25.664140625000016,124.541,108.00710313387276,0.000618541732365785,138.0277561646994,cube_3,EDGE_RESCAN,564,9,27.0,46.0,698.5,,,TOP,20260923_143540,majority_5
