frame_file,cube_order,detected,yolo_confidence,cube_box_xyxy,digit_box_xyxy,digit_crop_file,mobile_prediction,mobile_confidence,resnet_prediction,resnet_confidence,true_digit
digit_model_experiments/camera_tests/yolo_digit/20261005_043045_030534_raw.jpg,1,1,0.707154,"(276, 171, 361, 295)","(282, 173, 354, 251)",digit_model_experiments/results/cube_only_yolo26_v1/yolo_saved_frames/20261005_043045_030534_raw_cube1_digit.png,1,0.838522,1,0.960691,
digit_model_experiments/camera_tests/yolo_digit/20261005_043045_030534_raw.jpg,2,1,0.744692,"(469, 388, 558, 479)","(476, 389, 550, 447)",digit_model_experiments/results/cube_only_yolo26_v1/yolo_saved_frames/20261005_043045_030534_raw_cube2_digit.png,1,0.444361,1,0.178410,
digit_model_experiments/camera_tests/yolo_digit/20261005_043045_030534_raw.jpg,3,1,0.543440,"(543, 0, 638, 94)","(550, 1, 630, 61)",digit_model_experiments/results/cube_only_yolo26_v1/yolo_saved_frames/20261005_043045_030534_raw_cube3_digit.png,4,0.340500,3,0.302493,
digit_model_experiments/camera_tests/yolo_digit/20261005_043045_030534_raw.jpg,4,1,0.532733,"(558, 296, 636, 397)","(564, 298, 629, 361)",digit_model_experiments/results/cube_only_yolo26_v1/yolo_saved_frames/20261005_043045_030534_raw_cube4_digit.png,0,0.254072,0,0.212726,
digit_model_experiments/camera_tests/yolo_digit/20261005_043052_045458_raw.jpg,1,1,0.764483,"(294, 199, 387, 322)","(301, 201, 379, 278)",digit_model_experiments/results/cube_only_yolo26_v1/yolo_saved_frames/20261005_043052_045458_raw_cube1_digit.png,1,0.910067,1,0.950473,
digit_model_experiments/camera_tests/yolo_digit/20261005_043052_045458_raw.jpg,2,1,0.460169,"(493, 413, 584, 480)","(500, 414, 576, 456)",digit_model_experiments/results/cube_only_yolo26_v1/yolo_saved_frames/20261005_043052_045458_raw_cube2_digit.png,1,0.531389,1,0.296714,
digit_model_experiments/camera_tests/yolo_digit/20261005_043052_045458_raw.jpg,3,1,0.600231,"(563, 4, 639, 86)","(569, 5, 632, 57)",digit_model_experiments/results/cube_only_yolo26_v1/yolo_saved_frames/20261005_043052_045458_raw_cube3_digit.png,4,0.454729,1,0.434898,
digit_model_experiments/camera_tests/yolo_digit/20261005_043055_854856_raw.jpg,1,1,0.746594,"(258, 197, 352, 320)","(265, 199, 344, 276)",digit_model_experiments/results/cube_only_yolo26_v1/yolo_saved_frames/20261005_043055_854856_raw_cube1_digit.png,1,0.979726,1,0.984075,
digit_model_experiments/camera_tests/yolo_digit/20261005_043055_854856_raw.jpg,2,1,0.465293,"(469, 401, 568, 480)","(476, 402, 560, 452)",digit_model_experiments/results/cube_only_yolo26_v1/yolo_saved_frames/20261005_043055_854856_raw_cube2_digit.png,1,0.414863,1,0.253355,
digit_model_experiments/camera_tests/yolo_digit/20261005_043055_854856_raw.jpg,3,1,0.258521,"(520, 0, 607, 68)","(526, 1, 600, 44)",digit_model_experiments/results/cube_only_yolo26_v1/yolo_saved_frames/20261005_043055_854856_raw_cube3_digit.png,4,0.417052,7,0.650063,
digit_model_experiments/camera_tests/yolo_digit/20261005_043055_854856_raw.jpg,4,1,0.337026,"(538, 0, 638, 102)","(546, 2, 630, 66)",digit_model_experiments/results/cube_only_yolo26_v1/yolo_saved_frames/20261005_043055_854856_raw_cube4_digit.png,4,0.493134,4,0.537624,
digit_model_experiments/camera_tests/yolo_digit/20261005_043108_091606_raw.jpg,1,1,0.732196,"(252, 248, 345, 369)","(259, 250, 337, 326)",digit_model_experiments/results/cube_only_yolo26_v1/yolo_saved_frames/20261005_043108_091606_raw_cube1_digit.png,1,0.997267,1,0.982532,
digit_model_experiments/camera_tests/yolo_digit/20261005_043108_091606_raw.jpg,2,1,0.350818,"(459, 438, 557, 479)","(466, 438, 549, 464)",digit_model_experiments/results/cube_only_yolo26_v1/yolo_saved_frames/20261005_043108_091606_raw_cube2_digit.png,1,0.442463,1,0.355891,
digit_model_experiments/camera_tests/yolo_digit/20261005_043108_091606_raw.jpg,3,1,0.375207,"(522, 15, 638, 129)","(531, 17, 628, 89)",digit_model_experiments/results/cube_only_yolo26_v1/yolo_saved_frames/20261005_043108_091606_raw_cube3_digit.png,3,0.856168,6,0.441630,
digit_model_experiments/camera_tests/yolo_digit/20261005_043108_091606_raw.jpg,4,1,0.367159,"(551, 342, 638, 474)","(557, 344, 631, 427)",digit_model_experiments/results/cube_only_yolo26_v1/yolo_saved_frames/20261005_043108_091606_raw_cube4_digit.png,0,0.437729,9,0.248561,
