image,status,cube_count,reviewed_at
cube_20261006_064922_399731.jpg,reviewed,2,2026-10-06T07:30:32-07:00
cube_20261006_064932_942192.jpg,reviewed,4,2026-10-06T07:30:46-07:00
cube_20261006_064939_197326.jpg,reviewed,4,2026-10-06T07:30:55-07:00
cube_20261006_064940_071072.jpg,reviewed,3,2026-10-06T07:31:05-07:00
cube_20261006_064942_338399.jpg,reviewed,4,2026-10-06T07:31:17-07:00
cube_20261006_064942_816388.jpg,reviewed,3,2026-10-06T07:31:22-07:00
cube_20261006_064943_575842.jpg,reviewed,2,2026-10-06T08:03:54-07:00
cube_20261006_064944_425185.jpg,reviewed,4,2026-10-06T08:04:05-07:00
cube_20261006_064946_128273.jpg,reviewed,4,2026-10-07T05:03:39-07:00
cube_20261006_064947_967635.jpg,reviewed,4,2026-10-07T05:03:51-07:00
cube_20261006_064949_935494.jpg,reviewed,4,2026-10-07T05:03:54-07:00
cube_20261006_064952_991666.jpg,reviewed,4,2026-10-07T05:03:55-07:00
cube_20261006_064955_487824.jpg,reviewed,4,2026-10-07T05:04:02-07:00
cube_20261006_064958_155989.jpg,reviewed,4,2026-10-07T05:04:11-07:00
cube_20261006_065003_596887.jpg,reviewed,4,2026-10-07T05:04:24-07:00
cube_20261006_065004_153968.jpg,reviewed,4,2026-10-07T05:04:55-07:00
cube_20261006_065004_637597.jpg,reviewed,4,2026-10-07T05:05:04-07:00
cube_20261006_065005_258139.jpg,reviewed,4,2026-10-07T05:05:13-07:00
cube_20261006_065005_709289.jpg,reviewed,4,2026-10-07T05:05:23-07:00
cube_20261006_065006_411544.jpg,reviewed,4,2026-10-07T05:05:30-07:00
cube_20261006_065006_844682.jpg,reviewed,4,2026-10-07T05:05:35-07:00
cube_20261006_065007_245866.jpg,reviewed,4,2026-10-07T05:05:41-07:00
cube_20261006_065007_644116.jpg,reviewed,4,2026-10-07T05:05:50-07:00
cube_20261006_065007_978126.jpg,reviewed,4,2026-10-07T05:05:59-07:00
cube_20261006_065008_349096.jpg,reviewed,4,2026-10-07T05:06:06-07:00
cube_20261006_065008_758043.jpg,reviewed,4,2026-10-07T05:06:16-07:00
cube_20261006_065009_099556.jpg,reviewed,4,2026-10-07T05:06:23-07:00
cube_20261006_065009_448627.jpg,reviewed,4,2026-10-07T05:06:32-07:00
cube_20261006_065009_840586.jpg,reviewed,4,2026-10-07T05:06:39-07:00
cube_20261006_065010_062831.jpg,reviewed,4,2026-10-07T05:06:45-07:00
cube_20261006_065010_312948.jpg,reviewed,4,2026-10-07T05:06:51-07:00
cube_20261006_065010_590992.jpg,reviewed,4,2026-10-07T05:06:59-07:00
cube_20261006_065010_792739.jpg,reviewed,4,2026-10-07T05:07:05-07:00
cube_20261006_065011_102448.jpg,reviewed,4,2026-10-07T05:07:09-07:00
cube_20261006_065011_293097.jpg,reviewed,4,2026-10-07T05:07:15-07:00
cube_20261006_065011_534182.jpg,reviewed,4,2026-10-07T05:07:19-07:00
cube_20261006_065011_840608.jpg,reviewed,4,2026-10-07T05:07:26-07:00
cube_20261006_065012_139797.jpg,reviewed,4,2026-10-07T05:07:32-07:00
cube_20261006_065012_394182.jpg,reviewed,4,2026-10-07T05:07:39-07:00
cube_20261006_065012_634499.jpg,reviewed,4,2026-10-07T05:07:48-07:00
cube_20261006_065012_876545.jpg,reviewed,4,2026-10-07T05:07:55-07:00
cube_20261006_065013_278313.jpg,reviewed,4,2026-10-07T05:08:00-07:00
cube_20261006_065013_516003.jpg,reviewed,4,2026-10-07T05:08:08-07:00
cube_20261006_065013_807925.jpg,reviewed,4,2026-10-07T05:08:16-07:00
cube_20261006_065014_220910.jpg,reviewed,4,2026-10-07T05:08:19-07:00
cube_20261006_065014_476608.jpg,reviewed,4,2026-10-07T05:08:27-07:00
cube_20261006_065014_712768.jpg,reviewed,4,2026-10-07T05:08:31-07:00
cube_20261006_065014_992358.jpg,reviewed,5,2026-10-07T05:08:34-07:00
cube_20261006_065015_253932.jpg,reviewed,4,2026-10-07T05:08:41-07:00
cube_20261006_065015_517177.jpg,reviewed,4,2026-10-07T05:08:48-07:00
cube_20261006_065015_786438.jpg,reviewed,4,2026-10-07T05:08:52-07:00
cube_20261006_065016_454034.jpg,reviewed,4,2026-10-07T05:08:58-07:00
cube_20261006_065016_866461.jpg,reviewed,4,2026-10-07T05:09:06-07:00
cube_20261006_065017_132539.jpg,reviewed,4,2026-10-07T05:09:13-07:00
cube_20261006_065017_432611.jpg,reviewed,4,2026-10-07T05:09:19-07:00
cube_20261006_065017_722818.jpg,reviewed,4,2026-10-07T05:09:25-07:00
cube_20261006_065018_236576.jpg,reviewed,4,2026-10-07T05:09:32-07:00
cube_20261006_065018_539643.jpg,reviewed,4,2026-10-07T05:09:38-07:00
cube_20261006_065018_812456.jpg,reviewed,4,2026-10-07T05:09:46-07:00
cube_20261006_065019_071902.jpg,reviewed,4,2026-10-07T05:09:54-07:00
cube_20261006_065019_343108.jpg,reviewed,4,2026-10-07T05:10:02-07:00
cube_20261006_065019_581405.jpg,reviewed,4,2026-10-07T05:10:08-07:00
cube_20261006_065019_852565.jpg,reviewed,4,2026-10-07T05:10:13-07:00
cube_20261006_065020_103224.jpg,reviewed,4,2026-10-07T05:10:19-07:00
cube_20261006_065020_320369.jpg,reviewed,4,2026-10-07T05:10:27-07:00
cube_20261006_065020_588181.jpg,reviewed,4,2026-10-07T05:10:33-07:00
cube_20261006_065020_782297.jpg,reviewed,4,2026-10-07T05:10:39-07:00
cube_20261006_065021_034301.jpg,reviewed,4,2026-10-07T05:10:44-07:00
cube_20261006_065021_298094.jpg,reviewed,4,2026-10-07T05:10:51-07:00
cube_20261006_065021_534059.jpg,reviewed,4,2026-10-07T05:10:58-07:00
cube_20261006_065021_724899.jpg,reviewed,4,2026-10-07T05:11:05-07:00
cube_20261006_065021_961620.jpg,reviewed,4,2026-10-07T05:11:10-07:00
cube_20261006_065022_189286.jpg,reviewed,4,2026-10-07T05:11:13-07:00
cube_20261006_065022_396666.jpg,reviewed,4,2026-10-07T05:11:18-07:00
cube_20261006_065022_613243.jpg,reviewed,4,2026-10-07T05:11:24-07:00
cube_20261006_065022_856782.jpg,reviewed,4,2026-10-07T05:11:32-07:00
cube_20261006_065023_071249.jpg,reviewed,4,2026-10-07T05:11:37-07:00
cube_20261006_065023_342503.jpg,reviewed,4,2026-10-07T05:11:43-07:00
cube_20261006_065023_612354.jpg,reviewed,4,2026-10-07T05:11:49-07:00
cube_20261006_065023_870633.jpg,reviewed,4,2026-10-07T05:11:55-07:00
cube_20261006_065024_173823.jpg,reviewed,4,2026-10-07T05:12:01-07:00
cube_20261006_065024_380785.jpg,reviewed,4,2026-10-07T05:12:07-07:00
cube_20261006_065024_604490.jpg,reviewed,4,2026-10-07T05:12:12-07:00
cube_20261006_065024_815934.jpg,reviewed,4,2026-10-07T05:12:17-07:00
cube_20261006_065025_052038.jpg,reviewed,4,2026-10-07T05:12:22-07:00
cube_20261006_065025_245382.jpg,reviewed,4,2026-10-07T05:12:28-07:00
cube_20261006_065025_520792.jpg,reviewed,4,2026-10-07T05:12:34-07:00
cube_20261006_065025_754696.jpg,reviewed,4,2026-10-07T05:12:39-07:00
cube_20261006_065025_981098.jpg,reviewed,4,2026-10-07T05:12:46-07:00
cube_20261006_065026_190435.jpg,reviewed,4,2026-10-07T05:12:52-07:00
cube_20261006_065026_461298.jpg,reviewed,4,2026-10-07T05:12:58-07:00
cube_20261006_065026_695096.jpg,reviewed,4,2026-10-07T05:13:01-07:00
cube_20261006_065026_956230.jpg,reviewed,4,2026-10-07T05:13:07-07:00
cube_20261006_065027_294399.jpg,reviewed,4,2026-10-07T05:13:12-07:00
cube_20261006_065027_599462.jpg,reviewed,4,2026-10-07T05:13:18-07:00
cube_20261006_065027_868350.jpg,reviewed,4,2026-10-07T05:13:24-07:00
cube_20261006_065028_105228.jpg,reviewed,4,2026-10-07T05:13:30-07:00
cube_20261006_065032_670267.jpg,reviewed,4,2026-10-07T05:13:31-07:00
cube_20261006_065033_893284.jpg,reviewed,4,2026-10-07T05:13:35-07:00
cube_20261006_065034_530155.jpg,ai_reviewed,4,2026-10-07T13:00:04-07:00
cube_20261006_065035_853965.jpg,ai_reviewed,4,2026-10-07T13:00:04-07:00
cube_20261006_065038_896967.jpg,ai_reviewed,4,2026-10-07T13:00:04-07:00
cube_20261006_065039_150979.jpg,ai_reviewed,4,2026-10-07T13:00:04-07:00
cube_20261006_065040_914157.jpg,ai_reviewed,4,2026-10-07T13:00:04-07:00
cube_20261006_065041_163077.jpg,ai_reviewed,4,2026-10-07T13:00:04-07:00
cube_20261006_065043_711058.jpg,ai_reviewed,4,2026-10-07T13:00:04-07:00
cube_20261006_065044_030518.jpg,ai_reviewed,4,2026-10-07T13:00:04-07:00
cube_20261006_065044_350001.jpg,ai_reviewed,4,2026-10-07T13:00:04-07:00
cube_20261006_065051_551248.jpg,ai_reviewed,4,2026-10-07T13:00:04-07:00
cube_20261006_065051_870353.jpg,ai_reviewed,4,2026-10-07T13:00:04-07:00
cube_20261006_065054_288301.jpg,ai_reviewed,4,2026-10-07T13:00:04-07:00
cube_20261006_065056_335532.jpg,ai_reviewed,4,2026-10-07T13:00:04-07:00
cube_20261006_065058_307981.jpg,ai_reviewed,4,2026-10-07T13:00:04-07:00
cube_20261006_065100_098910.jpg,ai_reviewed,4,2026-10-07T13:00:04-07:00
cube_20261006_065102_549919.jpg,ai_reviewed,4,2026-10-07T13:00:04-07:00
cube_20261006_065104_427489.jpg,ai_reviewed,4,2026-10-07T13:00:04-07:00
cube_20261006_065105_772451.jpg,ai_reviewed,4,2026-10-07T13:00:04-07:00
cube_20261006_065107_536397.jpg,ai_reviewed,4,2026-10-07T13:00:04-07:00
cube_20261006_065107_919604.jpg,ai_reviewed,4,2026-10-07T13:00:04-07:00
cube_20261006_065110_511281.jpg,ai_reviewed,4,2026-10-07T13:00:04-07:00
cube_20261006_065112_523332.jpg,ai_reviewed,4,2026-10-07T13:00:04-07:00
cube_20261006_065113_054059.jpg,ai_reviewed,4,2026-10-07T13:00:04-07:00
cube_20261006_065113_325798.jpg,ai_reviewed,4,2026-10-07T13:00:04-07:00
cube_20261006_065113_565066.jpg,ai_reviewed,4,2026-10-07T13:00:04-07:00
cube_20261006_065113_808024.jpg,ai_reviewed,4,2026-10-07T13:00:04-07:00
cube_20261006_065114_093116.jpg,ai_reviewed,4,2026-10-07T13:00:04-07:00
cube_20261006_065114_364181.jpg,ai_reviewed,4,2026-10-07T13:00:04-07:00
cube_20261006_065114_640572.jpg,ai_reviewed,4,2026-10-07T13:00:04-07:00
cube_20261006_065114_909290.jpg,ai_reviewed,4,2026-10-07T13:00:04-07:00
cube_20261006_065115_182749.jpg,ai_reviewed,4,2026-10-07T13:00:04-07:00
cube_20261006_065115_432255.jpg,ai_reviewed,4,2026-10-07T13:00:04-07:00
cube_20261006_065115_709542.jpg,ai_reviewed,4,2026-10-07T13:00:04-07:00
cube_20261006_065115_982510.jpg,ai_reviewed,4,2026-10-07T13:00:04-07:00
cube_20261006_065116_222617.jpg,ai_reviewed,4,2026-10-07T13:00:04-07:00
cube_20261006_065116_475165.jpg,ai_reviewed,4,2026-10-07T13:00:04-07:00
cube_20261006_065116_845773.jpg,ai_reviewed,4,2026-10-07T13:00:04-07:00
cube_20261006_065117_086327.jpg,ai_reviewed,4,2026-10-07T13:00:04-07:00
cube_20261006_065117_448676.jpg,ai_reviewed,4,2026-10-07T13:00:04-07:00
cube_20261006_065119_431885.jpg,ai_reviewed,4,2026-10-07T13:00:04-07:00
cube_20261006_065119_900546.jpg,ai_reviewed,4,2026-10-07T13:00:04-07:00
cube_20261006_065122_153328.jpg,ai_reviewed,4,2026-10-07T13:00:04-07:00
cube_20261006_065122_684978.jpg,ai_reviewed,4,2026-10-07T13:00:04-07:00
cube_20261006_065123_051304.jpg,ai_reviewed,4,2026-10-07T13:00:04-07:00
cube_20261006_065123_662364.jpg,ai_reviewed,4,2026-10-07T13:00:04-07:00
cube_20261006_065123_965077.jpg,ai_reviewed,4,2026-10-07T13:00:04-07:00
cube_20261006_065124_335411.jpg,ai_reviewed,4,2026-10-07T13:00:04-07:00
cube_20261006_065124_732264.jpg,ai_reviewed,4,2026-10-07T13:00:04-07:00
cube_20261006_065125_040353.jpg,ai_reviewed,4,2026-10-07T13:00:04-07:00
cube_20261006_065125_341964.jpg,ai_reviewed,4,2026-10-07T13:00:04-07:00
cube_20261006_065125_647343.jpg,ai_reviewed,4,2026-10-07T13:00:04-07:00
cube_20261006_065125_983938.jpg,ai_reviewed,4,2026-10-07T13:00:04-07:00
cube_20261006_065126_226682.jpg,ai_reviewed,4,2026-10-07T13:00:04-07:00
cube_20261006_065126_782913.jpg,ai_reviewed,4,2026-10-07T13:00:04-07:00
cube_20261006_065127_315202.jpg,ai_reviewed,4,2026-10-07T13:00:04-07:00
cube_20261006_065129_029801.jpg,ai_reviewed,4,2026-10-07T13:00:04-07:00
cube_20261006_065129_280195.jpg,ai_reviewed,4,2026-10-07T13:00:04-07:00
cube_20261006_065131_314147.jpg,ai_reviewed,4,2026-10-07T13:00:04-07:00
cube_20261006_065133_222215.jpg,ai_reviewed,4,2026-10-07T13:00:04-07:00
cube_20261006_065133_468595.jpg,ai_reviewed,4,2026-10-07T13:00:04-07:00
cube_20261006_065135_118985.jpg,ai_reviewed,4,2026-10-07T13:00:04-07:00
cube_20261006_065135_430995.jpg,ai_reviewed,4,2026-10-07T13:00:04-07:00
cube_20261006_065138_687904.jpg,ai_reviewed,4,2026-10-07T13:00:04-07:00
cube_20261006_065139_240336.jpg,ai_reviewed,4,2026-10-07T13:00:04-07:00
cube_20261006_065139_695127.jpg,ai_reviewed,4,2026-10-07T13:00:04-07:00
cube_20261006_065142_127498.jpg,ai_reviewed,4,2026-10-07T13:00:04-07:00
cube_20261006_065144_415281.jpg,ai_reviewed,4,2026-10-07T13:00:04-07:00
cube_20261006_065145_073975.jpg,ai_reviewed,4,2026-10-07T13:00:04-07:00
cube_20261006_065145_821286.jpg,ai_reviewed,4,2026-10-07T13:00:04-07:00
cube_20261006_065148_176365.jpg,ai_reviewed,4,2026-10-07T13:00:04-07:00
cube_20261006_065148_586459.jpg,ai_reviewed,4,2026-10-07T13:00:04-07:00
cube_20261006_065149_135186.jpg,ai_reviewed,4,2026-10-07T13:00:04-07:00
cube_20261006_065150_918306.jpg,ai_reviewed,4,2026-10-07T13:00:04-07:00
cube_20261006_065155_057833.jpg,ai_reviewed,4,2026-10-07T13:00:04-07:00
cube_20261006_065157_198635.jpg,ai_reviewed,4,2026-10-07T13:00:04-07:00
cube_20261006_065157_391405.jpg,ai_reviewed,4,2026-10-07T13:00:04-07:00
cube_20261006_065157_775930.jpg,ai_reviewed,4,2026-10-07T13:00:04-07:00
cube_20261006_065158_090679.jpg,ai_reviewed,4,2026-10-07T13:00:04-07:00
cube_20261006_065202_862607.jpg,ai_reviewed,4,2026-10-07T13:00:04-07:00
cube_20261006_065205_349112.jpg,ai_reviewed,4,2026-10-07T13:00:04-07:00
cube_20261006_065206_045404.jpg,ai_reviewed,4,2026-10-07T13:00:04-07:00
cube_20261006_065207_264885.jpg,ai_reviewed,4,2026-10-07T13:00:04-07:00
cube_20261006_065212_602248.jpg,ai_reviewed,4,2026-10-07T13:00:04-07:00
cube_20261006_065213_042053.jpg,ai_reviewed,4,2026-10-07T13:00:04-07:00
cube_20261006_065213_225779.jpg,ai_reviewed,4,2026-10-07T13:00:04-07:00
cube_20261006_065213_672608.jpg,ai_reviewed,4,2026-10-07T13:00:04-07:00
cube_20261006_065217_901700.jpg,ai_reviewed,4,2026-10-07T13:00:04-07:00
cube_20261006_065218_316568.jpg,ai_reviewed,4,2026-10-07T13:00:04-07:00
cube_20261006_065218_608793.jpg,ai_reviewed,4,2026-10-07T13:00:04-07:00
cube_20261006_065218_876789.jpg,ai_reviewed,4,2026-10-07T13:00:04-07:00
cube_20261006_065219_215435.jpg,ai_reviewed,4,2026-10-07T13:00:04-07:00
cube_20261006_065219_418795.jpg,ai_reviewed,4,2026-10-07T13:00:04-07:00
cube_20261006_065219_651133.jpg,ai_reviewed,4,2026-10-07T13:00:04-07:00
cube_20261006_065219_885315.jpg,ai_reviewed,4,2026-10-07T13:00:04-07:00
cube_20261006_065220_185276.jpg,ai_reviewed,4,2026-10-07T13:00:04-07:00
cube_20261006_065220_460454.jpg,ai_reviewed,4,2026-10-07T13:00:04-07:00
cube_20261006_065220_690174.jpg,ai_reviewed,4,2026-10-07T13:00:04-07:00
cube_20261006_065220_922658.jpg,ai_reviewed,4,2026-10-07T13:00:04-07:00
cube_20261006_065221_164050.jpg,ai_reviewed,4,2026-10-07T13:00:04-07:00
cube_20261006_065221_407535.jpg,ai_reviewed,4,2026-10-07T13:00:04-07:00
cube_20261006_065221_664250.jpg,ai_reviewed,4,2026-10-07T13:00:04-07:00
cube_20261006_065221_835805.jpg,ai_reviewed,4,2026-10-07T13:00:04-07:00
cube_20261006_065222_107348.jpg,ai_reviewed,4,2026-10-07T13:00:04-07:00
cube_20261006_065222_331094.jpg,ai_reviewed,4,2026-10-07T13:00:04-07:00
cube_20261006_065222_573361.jpg,ai_reviewed,4,2026-10-07T13:00:04-07:00
cube_20261006_065222_812624.jpg,ai_reviewed,4,2026-10-07T13:00:04-07:00
cube_20261006_065223_031014.jpg,ai_reviewed,4,2026-10-07T13:00:04-07:00
cube_20261006_065223_276547.jpg,ai_reviewed,4,2026-10-07T13:00:04-07:00
cube_20261006_065223_485440.jpg,ai_reviewed,4,2026-10-07T13:00:04-07:00
cube_20261006_065223_742614.jpg,ai_reviewed,4,2026-10-07T13:00:04-07:00
cube_20261006_065223_917446.jpg,ai_reviewed,4,2026-10-07T13:00:04-07:00
cube_20261006_065224_220818.jpg,ai_reviewed,4,2026-10-07T13:00:04-07:00
cube_20261006_065224_442532.jpg,ai_reviewed,4,2026-10-07T13:00:04-07:00
cube_20261006_065224_684434.jpg,ai_reviewed,4,2026-10-07T13:00:04-07:00
cube_20261006_065224_954666.jpg,ai_reviewed,4,2026-10-07T13:00:04-07:00
cube_20261006_065225_196381.jpg,ai_reviewed,4,2026-10-07T13:00:04-07:00
cube_20261006_065225_420476.jpg,ai_reviewed,4,2026-10-07T13:00:04-07:00
cube_20261006_065225_662409.jpg,ai_reviewed,4,2026-10-07T13:00:04-07:00
cube_20261006_065225_902479.jpg,ai_reviewed,4,2026-10-07T13:00:04-07:00
cube_20261006_065226_121996.jpg,ai_reviewed,4,2026-10-07T13:00:04-07:00
cube_20261006_065226_364363.jpg,ai_reviewed,4,2026-10-07T13:00:04-07:00
cube_20261006_065226_576192.jpg,ai_reviewed,4,2026-10-07T13:00:04-07:00
cube_20261006_065226_858272.jpg,ai_reviewed,4,2026-10-07T13:00:04-07:00
cube_20261006_065227_068132.jpg,ai_reviewed,4,2026-10-07T13:00:04-07:00
cube_20261006_065233_278269.jpg,ai_reviewed,4,2026-10-07T13:00:04-07:00
cube_20261006_065235_763349.jpg,ai_reviewed,4,2026-10-07T13:00:04-07:00
cube_20261006_065240_671639.jpg,ai_reviewed,4,2026-10-07T13:00:04-07:00
cube_20261006_065242_187792.jpg,ai_reviewed,4,2026-10-07T13:00:04-07:00
cube_20261006_065244_647386.jpg,ai_reviewed,4,2026-10-07T13:00:04-07:00
cube_20261006_065245_931467.jpg,ai_reviewed,4,2026-10-07T13:00:04-07:00
cube_20261006_065246_257269.jpg,ai_reviewed,4,2026-10-07T13:00:04-07:00
cube_20261006_065246_451329.jpg,ai_reviewed,4,2026-10-07T13:00:04-07:00
cube_20261006_065246_702516.jpg,ai_reviewed,4,2026-10-07T13:00:04-07:00
cube_20261006_065248_736663.jpg,ai_reviewed,3,2026-10-07T13:00:04-07:00
cube_20261006_065251_312732.jpg,ai_reviewed,4,2026-10-07T13:00:04-07:00
cube_20261006_065251_505470.jpg,ai_reviewed,4,2026-10-07T13:00:04-07:00
cube_20261006_065253_425588.jpg,ai_reviewed,4,2026-10-07T13:00:04-07:00
cube_20261006_065253_632893.jpg,ai_reviewed,4,2026-10-07T13:00:04-07:00
cube_20261006_065255_451247.jpg,ai_reviewed,4,2026-10-07T13:00:04-07:00
cube_20261006_065255_777559.jpg,ai_reviewed,4,2026-10-07T13:00:04-07:00
cube_20261006_065256_600893.jpg,ai_reviewed,4,2026-10-07T13:00:04-07:00
cube_20261006_065256_991384.jpg,ai_reviewed,4,2026-10-07T13:00:04-07:00
cube_20261006_065257_182316.jpg,ai_reviewed,4,2026-10-07T13:00:04-07:00
cube_20261006_065257_375532.jpg,ai_reviewed,4,2026-10-07T13:00:04-07:00
cube_20261006_065258_247069.jpg,ai_reviewed,4,2026-10-07T13:00:04-07:00
cube_20261006_065258_440139.jpg,ai_reviewed,4,2026-10-07T13:00:04-07:00
cube_20261006_065301_407568.jpg,ai_reviewed,4,2026-10-07T13:00:04-07:00
cube_20261006_065301_612297.jpg,ai_reviewed,4,2026-10-07T13:00:04-07:00
cube_20261006_065301_807030.jpg,ai_reviewed,4,2026-10-07T13:00:04-07:00
cube_20261006_065301_950835.jpg,ai_reviewed,4,2026-10-07T13:00:04-07:00
cube_20261006_065302_111634.jpg,ai_reviewed,4,2026-10-07T13:00:04-07:00
cube_20261006_065305_787189.jpg,ai_reviewed,4,2026-10-07T13:00:04-07:00
cube_20261006_065305_949030.jpg,ai_reviewed,4,2026-10-07T13:00:04-07:00
cube_20261006_065306_155449.jpg,ai_reviewed,4,2026-10-07T13:00:04-07:00
cube_20261006_065306_334103.jpg,ai_reviewed,4,2026-10-07T13:00:04-07:00
cube_20261006_065306_525020.jpg,ai_reviewed,4,2026-10-07T13:00:04-07:00
cube_20261006_065306_769048.jpg,ai_reviewed,4,2026-10-07T13:00:04-07:00
cube_20261006_065307_025823.jpg,ai_reviewed,4,2026-10-07T13:00:04-07:00
cube_20261006_065307_264094.jpg,ai_reviewed,4,2026-10-07T13:00:04-07:00
cube_20261006_065307_479248.jpg,ai_reviewed,4,2026-10-07T13:00:04-07:00
cube_20261006_065307_694069.jpg,ai_reviewed,4,2026-10-07T13:00:04-07:00
cube_20261006_065307_936222.jpg,ai_reviewed,4,2026-10-07T13:00:04-07:00
cube_20261006_065308_124392.jpg,ai_reviewed,4,2026-10-07T13:00:04-07:00
cube_20261006_065308_311847.jpg,ai_reviewed,4,2026-10-07T13:00:04-07:00
cube_20261006_065314_224240.jpg,ai_reviewed,4,2026-10-07T13:00:04-07:00
cube_20261006_065314_417539.jpg,ai_reviewed,4,2026-10-07T13:00:04-07:00
cube_20261006_065314_543304.jpg,ai_reviewed,4,2026-10-07T13:00:04-07:00
cube_20261006_065316_381207.jpg,ai_reviewed,4,2026-10-07T13:00:04-07:00
cube_20261006_065316_566359.jpg,ai_reviewed,4,2026-10-07T13:00:04-07:00
cube_20261006_065316_712749.jpg,ai_reviewed,4,2026-10-07T13:00:04-07:00
cube_20261006_065316_888685.jpg,ai_reviewed,4,2026-10-07T13:00:04-07:00
cube_20261006_065402_942752.jpg,ai_reviewed,4,2026-10-07T13:00:04-07:00
cube_20261006_065403_066511.jpg,ai_reviewed,4,2026-10-07T13:00:04-07:00
cube_20261006_065403_264522.jpg,ai_reviewed,4,2026-10-07T13:00:04-07:00
cube_20261006_065404_671348.jpg,ai_reviewed,4,2026-10-07T13:00:04-07:00
cube_20261006_065405_948384.jpg,ai_reviewed,4,2026-10-07T13:00:04-07:00
cube_20261006_065406_141420.jpg,ai_reviewed,4,2026-10-07T13:00:04-07:00
cube_20261006_065406_301174.jpg,ai_reviewed,4,2026-10-07T13:00:04-07:00
cube_20261006_065406_454101.jpg,ai_reviewed,4,2026-10-07T13:00:04-07:00
cube_20261006_065406_632935.jpg,ai_reviewed,4,2026-10-07T13:00:04-07:00
cube_20261006_065406_811360.jpg,ai_reviewed,4,2026-10-07T13:00:04-07:00
cube_20261006_065406_972975.jpg,ai_reviewed,4,2026-10-07T13:00:04-07:00
cube_20261006_065407_144995.jpg,ai_reviewed,4,2026-10-07T13:00:04-07:00
cube_20261006_065407_448891.jpg,ai_reviewed,4,2026-10-07T13:00:04-07:00
cube_20261006_065407_741413.jpg,ai_reviewed,4,2026-10-07T13:00:04-07:00
cube_20261006_065407_947793.jpg,ai_reviewed,4,2026-10-07T13:00:04-07:00
cube_20261006_065408_161773.jpg,ai_reviewed,4,2026-10-07T13:00:04-07:00
cube_20261006_065408_381511.jpg,ai_reviewed,4,2026-10-07T13:00:04-07:00
cube_20261006_065408_588240.jpg,ai_reviewed,4,2026-10-07T13:00:04-07:00
cube_20261006_065408_826103.jpg,ai_reviewed,4,2026-10-07T13:00:04-07:00
cube_20261006_065409_078768.jpg,ai_reviewed,4,2026-10-07T13:00:04-07:00
cube_20261006_065409_292640.jpg,ai_reviewed,4,2026-10-07T13:00:04-07:00
cube_20261006_065409_485992.jpg,ai_reviewed,4,2026-10-07T13:00:04-07:00
cube_20261006_065409_694308.jpg,ai_reviewed,4,2026-10-07T13:00:04-07:00
cube_20261006_065409_896121.jpg,ai_reviewed,4,2026-10-07T13:00:04-07:00
cube_20261006_065410_125492.jpg,ai_reviewed,4,2026-10-07T13:00:04-07:00
cube_20261006_065410_604421.jpg,ai_reviewed,4,2026-10-07T13:00:04-07:00
cube_20261006_065410_797991.jpg,ai_reviewed,4,2026-10-07T13:00:04-07:00
cube_20261006_065411_069146.jpg,ai_reviewed,4,2026-10-07T13:00:04-07:00
cube_20261006_065411_374957.jpg,ai_reviewed,4,2026-10-07T13:00:04-07:00
cube_20261006_065411_614399.jpg,ai_reviewed,4,2026-10-07T13:00:04-07:00
cube_20261006_065411_918542.jpg,ai_reviewed,4,2026-10-07T13:00:04-07:00
cube_20261006_065412_367622.jpg,ai_reviewed,4,2026-10-07T13:00:04-07:00
cube_20261006_065412_624692.jpg,ai_reviewed,4,2026-10-07T13:00:04-07:00
cube_20261006_065412_880832.jpg,ai_reviewed,4,2026-10-07T13:00:04-07:00
cube_20261006_065413_101316.jpg,ai_reviewed,4,2026-10-07T13:00:04-07:00
cube_20261006_065413_308007.jpg,ai_reviewed,4,2026-10-07T13:00:04-07:00
cube_20261006_065413_501447.jpg,ai_reviewed,4,2026-10-07T13:00:04-07:00
cube_20261006_065413_710708.jpg,ai_reviewed,4,2026-10-07T13:00:04-07:00
cube_20261006_065414_006095.jpg,ai_reviewed,4,2026-10-07T13:00:04-07:00
cube_20261006_065414_236696.jpg,ai_reviewed,4,2026-10-07T13:00:04-07:00
cube_20261006_065414_571063.jpg,ai_reviewed,4,2026-10-07T13:00:04-07:00
cube_20261006_065414_825283.jpg,ai_reviewed,4,2026-10-07T13:00:04-07:00
cube_20261006_065415_045419.jpg,ai_reviewed,4,2026-10-07T13:00:04-07:00
cube_20261006_065415_324679.jpg,ai_reviewed,4,2026-10-07T13:00:04-07:00
cube_20261006_065418_559905.jpg,ai_reviewed,4,2026-10-07T13:00:04-07:00
cube_20261006_065419_805989.jpg,ai_reviewed,4,2026-10-07T13:00:04-07:00
cube_20261006_065420_062252.jpg,ai_reviewed,4,2026-10-07T13:00:04-07:00
cube_20261006_065422_172821.jpg,ai_reviewed,4,2026-10-07T13:00:04-07:00
cube_20261006_065422_749364.jpg,ai_reviewed,4,2026-10-07T13:00:04-07:00
cube_20261006_065424_672499.jpg,ai_reviewed,4,2026-10-07T13:00:04-07:00
cube_20261006_065425_150268.jpg,ai_reviewed,4,2026-10-07T13:00:04-07:00
cube_20261006_065425_719120.jpg,ai_reviewed,4,2026-10-07T13:00:04-07:00
cube_20261006_065426_077321.jpg,ai_reviewed,4,2026-10-07T13:00:04-07:00
cube_20261006_065426_271876.jpg,ai_reviewed,4,2026-10-07T13:00:04-07:00
cube_20261006_065426_478369.jpg,ai_reviewed,4,2026-10-07T13:00:04-07:00
cube_20261006_065426_739126.jpg,ai_reviewed,4,2026-10-07T13:00:04-07:00
cube_20261006_065426_940761.jpg,ai_reviewed,4,2026-10-07T13:00:04-07:00
cube_20261006_065427_219775.jpg,ai_reviewed,4,2026-10-07T13:00:04-07:00
cube_20261006_065427_388435.jpg,ai_reviewed,4,2026-10-07T13:00:04-07:00
cube_20261006_065427_676130.jpg,ai_reviewed,4,2026-10-07T13:00:04-07:00
cube_20261006_065427_968150.jpg,ai_reviewed,4,2026-10-07T13:00:04-07:00
cube_20261006_065428_144926.jpg,ai_reviewed,4,2026-10-07T13:00:04-07:00
cube_20261006_065428_430738.jpg,ai_reviewed,4,2026-10-07T13:00:04-07:00
cube_20261006_065428_626345.jpg,ai_reviewed,4,2026-10-07T13:00:04-07:00
cube_20261006_065428_991982.jpg,ai_reviewed,4,2026-10-07T13:00:04-07:00
cube_20261006_065429_184160.jpg,ai_reviewed,4,2026-10-07T13:00:04-07:00
cube_20261006_065429_376434.jpg,ai_reviewed,4,2026-10-07T13:00:04-07:00
cube_20261006_065429_477219.jpg,ai_reviewed,4,2026-10-07T13:00:04-07:00
cube_20261006_065435_103129.jpg,ai_reviewed,4,2026-10-07T13:00:04-07:00
cube_20261006_065435_489937.jpg,ai_reviewed,4,2026-10-07T13:00:04-07:00
cube_20261006_065435_667679.jpg,ai_reviewed,4,2026-10-07T13:00:04-07:00
cube_20261006_065435_850318.jpg,ai_reviewed,4,2026-10-07T13:00:04-07:00
cube_20261006_065436_129266.jpg,ai_reviewed,4,2026-10-07T13:00:04-07:00
cube_20261006_065436_512323.jpg,ai_reviewed,4,2026-10-07T13:00:04-07:00
cube_20261006_065436_688467.jpg,ai_reviewed,4,2026-10-07T13:00:04-07:00
cube_20261006_065441_106356.jpg,ai_reviewed,4,2026-10-07T13:00:04-07:00
cube_20261006_065441_202587.jpg,ai_reviewed,4,2026-10-07T13:00:04-07:00
cube_20261006_065441_392835.jpg,ai_reviewed,4,2026-10-07T13:00:04-07:00
cube_20261006_065441_854216.jpg,ai_reviewed,4,2026-10-07T13:00:04-07:00
cube_20261006_065442_144066.jpg,ai_reviewed,4,2026-10-07T13:00:04-07:00
cube_20261006_065442_607918.jpg,ai_reviewed,4,2026-10-07T13:00:04-07:00
cube_20261006_065443_073110.jpg,ai_reviewed,4,2026-10-07T13:00:04-07:00
cube_20261006_065443_350323.jpg,ai_reviewed,4,2026-10-07T13:00:04-07:00
cube_20261006_065443_475640.jpg,ai_reviewed,4,2026-10-07T13:00:04-07:00
cube_20261006_065443_634795.jpg,ai_reviewed,4,2026-10-07T13:00:04-07:00
cube_20261006_065447_961773.jpg,ai_reviewed,4,2026-10-07T13:00:04-07:00
cube_20261006_065448_151680.jpg,ai_reviewed,4,2026-10-07T13:00:04-07:00
cube_20261006_065448_337327.jpg,ai_reviewed,4,2026-10-07T13:00:04-07:00
cube_20261006_065448_432835.jpg,ai_reviewed,4,2026-10-07T13:00:04-07:00
cube_20261006_065448_698784.jpg,ai_reviewed,4,2026-10-07T13:00:04-07:00
cube_20261006_065448_991173.jpg,ai_reviewed,4,2026-10-07T13:00:04-07:00
cube_20261006_065449_193268.jpg,ai_reviewed,4,2026-10-07T13:00:04-07:00
cube_20261006_065449_454240.jpg,ai_reviewed,4,2026-10-07T13:00:04-07:00
cube_20261006_065449_854127.jpg,ai_reviewed,4,2026-10-07T13:00:04-07:00
cube_20261006_065450_102238.jpg,ai_reviewed,4,2026-10-07T13:00:04-07:00
cube_20261006_065450_304102.jpg,ai_reviewed,4,2026-10-07T13:00:04-07:00
cube_20261006_065450_586042.jpg,ai_reviewed,4,2026-10-07T13:00:04-07:00
cube_20261006_065450_960811.jpg,ai_reviewed,4,2026-10-07T13:00:04-07:00
cube_20261006_065451_056941.jpg,ai_reviewed,4,2026-10-07T13:00:04-07:00
cube_20261006_065500_091977.jpg,ai_reviewed,4,2026-10-07T13:00:04-07:00
cube_20261006_065500_487245.jpg,ai_reviewed,4,2026-10-07T13:00:04-07:00
cube_20261006_065501_611200.jpg,ai_reviewed,3,2026-10-07T13:00:04-07:00
cube_20261006_065502_130208.jpg,ai_reviewed,4,2026-10-07T13:00:04-07:00
cube_20261006_065502_381834.jpg,ai_reviewed,4,2026-10-07T13:00:04-07:00
cube_20261006_065502_527371.jpg,ai_reviewed,4,2026-10-07T13:00:04-07:00
cube_20261006_065502_703422.jpg,ai_reviewed,4,2026-10-07T13:00:04-07:00
cube_20261006_065506_050969.jpg,ai_reviewed,4,2026-10-07T13:00:04-07:00
cube_20261006_065506_239434.jpg,ai_reviewed,4,2026-10-07T13:00:04-07:00
cube_20261006_065509_214310.jpg,ai_reviewed,4,2026-10-07T13:00:04-07:00
cube_20261006_065509_470241.jpg,ai_reviewed,4,2026-10-07T13:00:04-07:00
cube_20261006_065509_661516.jpg,ai_reviewed,4,2026-10-07T13:00:04-07:00
cube_20261006_065509_787831.jpg,ai_reviewed,4,2026-10-07T13:00:04-07:00
cube_20261006_065512_016853.jpg,ai_reviewed,4,2026-10-07T13:00:04-07:00
cube_20261006_065512_205819.jpg,ai_reviewed,4,2026-10-07T13:00:04-07:00
cube_20261006_065512_333522.jpg,ai_reviewed,4,2026-10-07T13:00:04-07:00
cube_20261006_065519_271312.jpg,ai_reviewed,4,2026-10-07T13:00:04-07:00
cube_20261006_065519_448389.jpg,ai_reviewed,4,2026-10-07T13:00:04-07:00
cube_20261006_065519_589259.jpg,ai_reviewed,4,2026-10-07T13:00:04-07:00
cube_20261006_065523_627306.jpg,ai_reviewed,4,2026-10-07T13:00:04-07:00
cube_20261006_065525_960705.jpg,ai_reviewed,4,2026-10-07T13:00:04-07:00
cube_20261006_065526_292457.jpg,ai_reviewed,4,2026-10-07T13:00:04-07:00
cube_20261006_065526_476217.jpg,ai_reviewed,4,2026-10-07T13:00:04-07:00
cube_20261006_065537_617027.jpg,ai_reviewed,4,2026-10-07T13:00:04-07:00
cube_20261006_065541_452736.jpg,ai_reviewed,4,2026-10-07T13:00:04-07:00
cube_20261006_065549_228512.jpg,ai_reviewed,4,2026-10-07T13:00:04-07:00
cube_20261006_065556_861151.jpg,ai_reviewed,4,2026-10-07T13:00:04-07:00
cube_20261006_065558_976343.jpg,ai_reviewed,4,2026-10-07T13:00:04-07:00
cube_20261006_065602_026104.jpg,ai_reviewed,4,2026-10-07T13:00:04-07:00
cube_20261006_065602_662861.jpg,ai_reviewed,4,2026-10-07T13:00:04-07:00
cube_20261006_065603_351370.jpg,ai_reviewed,4,2026-10-07T13:00:04-07:00
